Date,Ticker,Open,High,Low,Close,Volume
2018-01-02,CBEU5.MI,13.699999809265137,13.734000205993652,13.675999641418457,13.704000473022461,34670
2018-01-03,CBEU5.MI,13.71399974822998,13.722000122070312,13.682000160217285,13.706000328063965,74897
2018-01-04,CBEU5.MI,13.685999870300293,13.722000122070312,13.684000015258789,13.704000473022461,15105
2018-01-05,CBEU5.MI,13.642000198364258,13.72599983215332,13.642000198364258,13.723999977111816,17485
2018-01-08,CBEU5.MI,13.668000221252441,13.72599983215332,13.668000221252441,13.71399974822998,36021
2018-01-09,CBEU5.MI,13.807999610900879,13.819999694824219,13.67199993133545,13.706000328063965,17216
2018-01-10,CBEU5.MI,13.645999908447266,13.732000350952148,13.645999908447266,13.708000183105469,21902
2018-01-11,CBEU5.MI,13.694000244140625,13.729999542236328,13.64799976348877,13.682000160217285,30078
2018-01-12,CBEU5.MI,13.668000221252441,13.704000473022461,13.663999557495117,13.673999786376953,12565
2018-01-15,CBEU5.MI,13.60200023651123,13.704000473022461,13.60200023651123,13.670000076293945,142231
2018-01-16,CBEU5.MI,13.67199993133545,13.718000411987305,13.67199993133545,13.6899995803833,19253
2018-01-17,CBEU5.MI,13.67199993133545,13.704000473022461,13.666000366210938,13.680000305175781,38386
2018-01-18,CBEU5.MI,13.670000076293945,13.694000244140625,13.645999908447266,13.678000450134277,50881
2018-01-19,CBEU5.MI,13.727999687194824,13.727999687194824,13.661999702453613,13.696000099182129,43786
2018-01-22,CBEU5.MI,13.661999702453613,13.723999977111816,13.661999702453613,13.6899995803833,31417
2018-01-23,CBEU5.MI,13.663999557495117,13.718000411987305,13.663999557495117,13.696000099182129,33834
2018-01-24,CBEU5.MI,13.732000350952148,13.732000350952148,13.67199993133545,13.6899995803833,35567
2018-01-25,CBEU5.MI,13.692000389099121,13.708000183105469,13.657999992370605,13.680000305175781,9774
2018-01-26,CBEU5.MI,13.661999702453613,13.699999809265137,13.661999702453613,13.680000305175781,24404
2018-01-29,CBEU5.MI,13.649999618530273,13.694000244140625,13.649999618530273,13.675999641418457,13591
2018-01-30,CBEU5.MI,13.663999557495117,13.687999725341797,13.65999984741211,13.678000450134277,29871
2018-01-31,CBEU5.MI,13.517999649047852,13.637999534606934,13.517999649047852,13.607999801635742,43669
2018-02-01,CBEU5.MI,13.595999717712402,13.63599967956543,13.595999717712402,13.62600040435791,19582
2018-02-02,CBEU5.MI,13.607999801635742,13.649999618530273,13.583999633789062,13.616000175476074,23503
2018-02-05,CBEU5.MI,13.522000312805176,13.628000259399414,13.522000312805176,13.62399959564209,8104
2018-02-06,CBEU5.MI,13.526000022888184,13.652000427246094,13.526000022888184,13.652000427246094,8609
2018-02-07,CBEU5.MI,13.503999710083008,13.631999969482422,13.503999710083008,13.616000175476074,32926
2018-02-08,CBEU5.MI,13.600000381469727,13.631999969482422,13.581999778747559,13.61400032043457,22115
2018-02-09,CBEU5.MI,13.583999633789062,13.628000259399414,13.583999633789062,13.612000465393066,139969
2018-02-12,CBEU5.MI,13.600000381469727,13.628000259399414,13.505999565124512,13.618000030517578,20978
2018-02-13,CBEU5.MI,13.600000381469727,13.63599967956543,13.592000007629395,13.609999656677246,25254
2018-02-14,CBEU5.MI,13.59000015258789,13.62399959564209,13.586000442504883,13.605999946594238,7739
2018-02-15,CBEU5.MI,13.529999732971191,13.630000114440918,13.529999732971191,13.612000465393066,10989
2018-02-16,CBEU5.MI,13.637999534606934,13.637999534606934,13.595999717712402,13.621999740600586,19823
2018-02-19,CBEU5.MI,13.640000343322754,13.640000343322754,13.503999710083008,13.621999740600586,12840
2018-02-20,CBEU5.MI,13.571999549865723,13.661999702453613,13.571999549865723,13.621999740600586,116750
2018-02-21,CBEU5.MI,13.61400032043457,13.645999908447266,13.60200023651123,13.631999969482422,20504
2018-02-22,CBEU5.MI,13.597999572753906,13.661999702453613,13.597999572753906,13.62600040435791,215954
2018-02-23,CBEU5.MI,13.526000022888184,13.644000053405762,13.526000022888184,13.63599967956543,21695
2018-02-26,CBEU5.MI,13.649999618530273,13.668000221252441,13.62399959564209,13.637999534606934,22479
2018-02-27,CBEU5.MI,13.583999633789062,13.645999908447266,13.583999633789062,13.63599967956543,108304
2018-02-28,CBEU5.MI,13.612000465393066,13.645999908447266,13.612000465393066,13.633999824523926,19269
2018-03-01,CBEU5.MI,13.621999740600586,13.64799976348877,13.607999801635742,13.630000114440918,21887
2018-03-02,CBEU5.MI,13.62600040435791,13.649999618530273,13.604000091552734,13.618000030517578,17402
2018-03-05,CBEU5.MI,13.61400032043457,13.644000053405762,13.60200023651123,13.62399959564209,27563
2018-03-06,CBEU5.MI,13.609999656677246,13.63599967956543,13.59000015258789,13.61400032043457,20898
2018-03-07,CBEU5.MI,13.631999969482422,13.631999969482422,13.609999656677246,13.621999740600586,24698
2018-03-08,CBEU5.MI,13.64799976348877,13.64799976348877,13.569999694824219,13.62399959564209,21707
2018-03-09,CBEU5.MI,13.569999694824219,13.642000198364258,13.569999694824219,13.628000259399414,15167
2018-03-12,CBEU5.MI,13.571999549865723,13.649999618530273,13.571999549865723,13.605999946594238,17502
2018-03-13,CBEU5.MI,13.61400032043457,13.652000427246094,13.609999656677246,13.63599967956543,23505
2018-03-14,CBEU5.MI,13.571999549865723,13.642000198364258,13.571999549865723,13.633999824523926,30069
2018-03-15,CBEU5.MI,13.642000198364258,13.642000198364258,13.597999572753906,13.628000259399414,46379
2018-03-16,CBEU5.MI,13.60200023651123,13.644000053405762,13.60200023651123,13.621999740600586,29481
2018-03-19,CBEU5.MI,13.552000045776367,13.628000259399414,13.552000045776367,13.612000465393066,9671
2018-03-20,CBEU5.MI,13.552000045776367,13.609999656677246,13.552000045776367,13.60200023651123,14676
2018-03-21,CBEU5.MI,13.609999656677246,13.609999656677246,13.581999778747559,13.595999717712402,15420
2018-03-22,CBEU5.MI,13.618000030517578,13.62399959564209,13.597999572753906,13.612000465393066,11668
2018-03-23,CBEU5.MI,13.59000015258789,13.618000030517578,13.579999923706055,13.595999717712402,15235
2018-03-26,CBEU5.MI,13.685999870300293,13.685999870300293,13.567999839782715,13.605999946594238,20733
2018-03-27,CBEU5.MI,13.592000007629395,13.621999740600586,13.592000007629395,13.609999656677246,15390
2018-03-28,CBEU5.MI,13.595999717712402,13.621999740600586,13.593999862670898,13.605999946594238,10332
2018-03-29,CBEU5.MI,13.61400032043457,13.618000030517578,13.593999862670898,13.60200023651123,6875
2018-04-03,CBEU5.MI,13.529999732971191,13.60200023651123,13.529999732971191,13.592000007629395,9817
2018-04-04,CBEU5.MI,13.562000274658203,13.616000175476074,13.562000274658203,13.597999572753906,13087
2018-04-05,CBEU5.MI,13.592000007629395,13.621999740600586,13.576000213623047,13.605999946594238,24092
2018-04-06,CBEU5.MI,13.595999717712402,13.628000259399414,13.586000442504883,13.616000175476074,7277
2018-04-09,CBEU5.MI,13.644000053405762,13.644000053405762,13.592000007629395,13.61400032043457,15670
2018-04-10,CBEU5.MI,13.711999893188477,13.711999893188477,13.57800006866455,13.609999656677246,27217
2018-04-11,CBEU5.MI,13.562000274658203,13.628000259399414,13.562000274658203,13.61400032043457,40426
2018-04-12,CBEU5.MI,13.60200023651123,13.630000114440918,13.600000381469727,13.616000175476074,5387
2018-04-13,CBEU5.MI,13.562000274658203,13.631999969482422,13.562000274658203,13.61400032043457,19028
2018-04-16,CBEU5.MI,13.564000129699707,13.65999984741211,13.564000129699707,13.62399959564209,17190
2018-04-17,CBEU5.MI,13.616000175476074,13.645999908447266,13.607999801635742,13.62600040435791,23792
2018-04-18,CBEU5.MI,13.569999694824219,13.645999908447266,13.569999694824219,13.621999740600586,19367
2018-04-19,CBEU5.MI,13.571999549865723,13.633999824523926,13.571999549865723,13.612000465393066,11040
2018-04-20,CBEU5.MI,13.592000007629395,13.62600040435791,13.586000442504883,13.600000381469727,9373
2018-04-23,CBEU5.MI,13.564000129699707,13.618000030517578,13.564000129699707,13.600000381469727,51407
2018-04-24,CBEU5.MI,13.60200023651123,13.616000175476074,13.579999923706055,13.605999946594238,22643
2018-04-25,CBEU5.MI,13.593999862670898,13.609999656677246,13.583999633789062,13.595999717712402,2980
2018-04-26,CBEU5.MI,13.595999717712402,13.618000030517578,13.583999633789062,13.604000091552734,16227
2018-04-27,CBEU5.MI,13.604000091552734,13.63599967956543,13.593999862670898,13.618000030517578,25169
2018-04-30,CBEU5.MI,13.630000114440918,13.63599967956543,13.612000465393066,13.62600040435791,13961
2018-05-02,CBEU5.MI,13.595999717712402,13.649999618530273,13.595999717712402,13.619999885559082,5580
2018-05-03,CBEU5.MI,13.60200023651123,13.65999984741211,13.60200023651123,13.62399959564209,9966
2018-05-04,CBEU5.MI,13.619999885559082,13.642000198364258,13.604000091552734,13.62399959564209,41739
2018-05-07,CBEU5.MI,13.612000465393066,13.637999534606934,13.612000465393066,13.62600040435791,7523
2018-05-08,CBEU5.MI,13.571999549865723,13.637999534606934,13.571999549865723,13.616000175476074,19156
2018-05-09,CBEU5.MI,13.616000175476074,13.630000114440918,13.604000091552734,13.619999885559082,10129
2018-05-10,CBEU5.MI,13.619999885559082,13.637999534606934,13.609999656677246,13.621999740600586,32531
2018-05-11,CBEU5.MI,13.637999534606934,13.637999534606934,13.61400032043457,13.62600040435791,5964
2018-05-14,CBEU5.MI,13.609999656677246,13.62600040435791,13.600000381469727,13.61400032043457,28370
2018-05-15,CBEU5.MI,13.550000190734863,13.618000030517578,13.550000190734863,13.592000007629395,11164
2018-05-16,CBEU5.MI,13.565999984741211,13.633999824523926,13.565999984741211,13.600000381469727,12587
2018-05-17,CBEU5.MI,13.612000465393066,13.61400032043457,13.581999778747559,13.593999862670898,10389
2018-05-18,CBEU5.MI,13.588000297546387,13.61400032043457,13.588000297546387,13.607999801635742,60898
2018-05-21,CBEU5.MI,13.60200023651123,13.61400032043457,13.600000381469727,13.61400032043457,3708
2018-05-22,CBEU5.MI,13.600000381469727,13.619999885559082,13.59000015258789,13.607999801635742,20577
2018-05-23,CBEU5.MI,13.581999778747559,13.618000030517578,13.581999778747559,13.60200023651123,14002
2018-05-24,CBEU5.MI,13.588000297546387,13.609999656677246,13.581999778747559,13.597999572753906,14233
2018-05-25,CBEU5.MI,13.593999862670898,13.616000175476074,13.581999778747559,13.595999717712402,10872
2018-05-28,CBEU5.MI,13.61400032043457,13.62600040435791,13.592000007629395,13.618000030517578,8510
2018-05-29,CBEU5.MI,13.586000442504883,13.645999908447266,13.5600004196167,13.600000381469727,18155
2018-05-30,CBEU5.MI,13.621999740600586,13.621999740600586,13.5600004196167,13.581999778747559,28882
2018-05-31,CBEU5.MI,13.541999816894531,13.581999778747559,13.541999816894531,13.581999778747559,9281
2018-06-01,CBEU5.MI,13.553999900817871,13.586000442504883,13.553999900817871,13.57800006866455,22606
2018-06-04,CBEU5.MI,13.574000358581543,13.605999946594238,13.571999549865723,13.59000015258789,8632
2018-06-05,CBEU5.MI,13.579999923706055,13.609999656677246,13.579999923706055,13.600000381469727,12401
2018-06-06,CBEU5.MI,13.595999717712402,13.612000465393066,13.564000129699707,13.569999694824219,53762
2018-06-07,CBEU5.MI,13.501999855041504,13.574000358581543,13.501999855041504,13.5600004196167,9634
2018-06-08,CBEU5.MI,13.54800033569336,13.579999923706055,13.545999526977539,13.567999839782715,16305
2018-06-11,CBEU5.MI,13.600000381469727,13.600000381469727,13.545999526977539,13.550000190734863,10457
2018-06-12,CBEU5.MI,13.539999961853027,13.564000129699707,13.526000022888184,13.543999671936035,48526
2018-06-13,CBEU5.MI,13.595999717712402,13.595999717712402,13.54800033569336,13.557999610900879,7461
2018-06-14,CBEU5.MI,13.576000213623047,13.592000007629395,13.550000190734863,13.588000297546387,8394
2018-06-15,CBEU5.MI,13.600000381469727,13.616000175476074,13.592000007629395,13.604000091552734,13531
2018-06-18,CBEU5.MI,13.501999855041504,13.640000343322754,13.501999855041504,13.612000465393066,10944
2018-06-19,CBEU5.MI,13.592000007629395,13.619999885559082,13.588000297546387,13.592000007629395,57245
2018-06-20,CBEU5.MI,13.609999656677246,13.616000175476074,13.586000442504883,13.607999801635742,9677
2018-06-21,CBEU5.MI,13.574000358581543,13.62399959564209,13.574000358581543,13.61400032043457,31439
2018-06-22,CBEU5.MI,13.604000091552734,13.62600040435791,13.60200023651123,13.607999801635742,10676
2018-06-25,CBEU5.MI,13.60200023651123,13.616000175476074,13.588000297546387,13.600000381469727,11924
2018-06-26,CBEU5.MI,13.574000358581543,13.60200023651123,13.569999694824219,13.586000442504883,45060
2018-06-27,CBEU5.MI,13.600000381469727,13.60200023651123,13.552000045776367,13.583999633789062,9236
2018-06-28,CBEU5.MI,13.567999839782715,13.59000015258789,13.564000129699707,13.583999633789062,10188
2018-06-29,CBEU5.MI,13.583999633789062,13.583999633789062,13.54800033569336,13.567999839782715,26348
2018-07-02,CBEU5.MI,13.538000106811523,13.579999923706055,13.538000106811523,13.564000129699707,3867
2018-07-03,CBEU5.MI,13.564000129699707,13.588000297546387,13.564000129699707,13.57800006866455,34066
2018-07-04,CBEU5.MI,13.564000129699707,13.588000297546387,13.564000129699707,13.564000129699707,6407
2018-07-05,CBEU5.MI,13.5600004196167,13.576000213623047,13.545999526977539,13.564000129699707,17012
2018-07-06,CBEU5.MI,13.593999862670898,13.595999717712402,13.557999610900879,13.581999778747559,14049
2018-07-09,CBEU5.MI,13.57800006866455,13.593999862670898,13.562000274658203,13.579999923706055,34175
2018-07-10,CBEU5.MI,13.576000213623047,13.604000091552734,13.576000213623047,13.579999923706055,3099
2018-07-11,CBEU5.MI,13.60200023651123,13.607999801635742,13.564000129699707,13.579999923706055,28738
2018-07-12,CBEU5.MI,13.583999633789062,13.60200023651123,13.581999778747559,13.588000297546387,8787
2018-07-13,CBEU5.MI,13.567999839782715,13.618000030517578,13.567999839782715,13.618000030517578,22494
2018-07-16,CBEU5.MI,13.588000297546387,13.618000030517578,13.588000297546387,13.604000091552734,7859
2018-07-17,CBEU5.MI,13.576000213623047,13.619999885559082,13.576000213623047,13.609999656677246,12339
2018-07-18,CBEU5.MI,13.60200023651123,13.642000198364258,13.60200023651123,13.621999740600586,10945
2018-07-19,CBEU5.MI,13.600000381469727,13.618000030517578,13.597999572753906,13.60200023651123,14697
2018-07-20,CBEU5.MI,13.621999740600586,13.621999740600586,13.593999862670898,13.60200023651123,10084
2018-07-23,CBEU5.MI,13.592000007629395,13.612000465393066,13.59000015258789,13.595999717712402,8801
2018-07-24,CBEU5.MI,13.579999923706055,13.607999801635742,13.579999923706055,13.593999862670898,8282
2018-07-25,CBEU5.MI,13.593999862670898,13.612000465393066,13.592000007629395,13.60200023651123,13327
2018-07-26,CBEU5.MI,13.59000015258789,13.644000053405762,13.59000015258789,13.61400032043457,20152
2018-07-27,CBEU5.MI,13.579999923706055,13.62600040435791,13.579999923706055,13.609999656677246,7497
2018-07-30,CBEU5.MI,13.65999984741211,13.723999977111816,13.593999862670898,13.619999885559082,47646
2018-07-31,CBEU5.MI,13.569999694824219,13.586000442504883,13.569999694824219,13.576000213623047,19654
2018-08-01,CBEU5.MI,13.564000129699707,13.579999923706055,13.562000274658203,13.565999984741211,14579
2018-08-02,CBEU5.MI,13.539999961853027,13.57800006866455,13.539999961853027,13.576000213623047,5312
2018-08-03,CBEU5.MI,13.609999656677246,13.609999656677246,13.550000190734863,13.583999633789062,26885
2018-08-06,CBEU5.MI,13.57800006866455,13.60200023651123,13.57800006866455,13.595999717712402,40756
2018-08-07,CBEU5.MI,13.583999633789062,13.600000381469727,13.579999923706055,13.588000297546387,107926
2018-08-08,CBEU5.MI,13.581999778747559,13.597999572753906,13.581999778747559,13.59000015258789,7523
2018-08-09,CBEU5.MI,13.59000015258789,13.605999946594238,13.59000015258789,13.600000381469727,7547
2018-08-10,CBEU5.MI,13.644000053405762,13.644000053405762,13.588000297546387,13.60200023651123,23081
2018-08-13,CBEU5.MI,13.579999923706055,13.604000091552734,13.57800006866455,13.59000015258789,6123
2018-08-14,CBEU5.MI,13.588000297546387,13.60200023651123,13.586000442504883,13.592000007629395,11199
2018-08-16,CBEU5.MI,13.588000297546387,13.60200023651123,13.579999923706055,13.586000442504883,9156
2018-08-17,CBEU5.MI,13.604000091552734,13.609999656677246,13.59000015258789,13.604000091552734,9414
2018-08-20,CBEU5.MI,13.604000091552734,13.604000091552734,13.586000442504883,13.593999862670898,4564
2018-08-21,CBEU5.MI,13.649999618530273,13.649999618530273,13.588000297546387,13.593999862670898,7090
2018-08-22,CBEU5.MI,13.569999694824219,13.600000381469727,13.569999694824219,13.581999778747559,2727
2018-08-23,CBEU5.MI,13.600000381469727,13.600000381469727,13.571999549865723,13.579999923706055,4498
2018-08-24,CBEU5.MI,13.649999618530273,13.649999618530273,13.565999984741211,13.574000358581543,3010
2018-08-27,CBEU5.MI,13.477999687194824,13.579999923706055,13.477999687194824,13.565999984741211,8773
2018-08-28,CBEU5.MI,13.555999755859375,13.57800006866455,13.555999755859375,13.5600004196167,2044
2018-08-29,CBEU5.MI,13.553999900817871,13.576000213623047,13.550000190734863,13.552000045776367,12247
2018-08-30,CBEU5.MI,13.526000022888184,13.564000129699707,13.526000022888184,13.564000129699707,5302
2018-08-31,CBEU5.MI,13.555999755859375,13.569999694824219,13.552000045776367,13.557999610900879,3056
2018-09-03,CBEU5.MI,13.567999839782715,13.569999694824219,13.550000190734863,13.557999610900879,3848
2018-09-04,CBEU5.MI,13.54800033569336,13.564000129699707,13.541999816894531,13.543999671936035,3847
2018-09-05,CBEU5.MI,13.534000396728516,13.553999900817871,13.515999794006348,13.534000396728516,12591
2018-09-06,CBEU5.MI,13.52400016784668,13.550000190734863,13.522000312805176,13.545999526977539,8546
2018-09-07,CBEU5.MI,13.454000473022461,13.5600004196167,13.454000473022461,13.539999961853027,4085
2018-09-10,CBEU5.MI,13.539999961853027,13.545999526977539,13.538000106811523,13.545999526977539,5298
2018-09-11,CBEU5.MI,13.520000457763672,13.5600004196167,13.510000228881836,13.543999671936035,6764
2018-09-12,CBEU5.MI,13.541999816894531,13.5600004196167,13.522000312805176,13.552000045776367,5387
2018-09-13,CBEU5.MI,13.545999526977539,13.5600004196167,13.545999526977539,13.552000045776367,7089
2018-09-14,CBEU5.MI,13.545999526977539,13.555999755859375,13.52400016784668,13.54800033569336,4637
2018-09-17,CBEU5.MI,13.517999649047852,13.564000129699707,13.517999649047852,13.54800033569336,11929
2018-09-18,CBEU5.MI,13.565999984741211,13.565999984741211,13.539999961853027,13.545999526977539,12041
2018-09-19,CBEU5.MI,13.53600025177002,13.562000274658203,13.53600025177002,13.545999526977539,45927
2018-09-20,CBEU5.MI,13.541999816894531,13.555999755859375,13.541999816894531,13.550000190734863,11253
2018-09-21,CBEU5.MI,13.567999839782715,13.567999839782715,13.545999526977539,13.553999900817871,7353
2018-09-24,CBEU5.MI,13.550000190734863,13.562000274658203,13.541999816894531,13.541999816894531,2082
2018-09-25,CBEU5.MI,13.57800006866455,13.57800006866455,13.52400016784668,13.526000022888184,5338
2018-09-26,CBEU5.MI,13.52400016784668,13.541999816894531,13.503999710083008,13.531999588012695,4534
2018-09-27,CBEU5.MI,13.531999588012695,13.550000190734863,13.529999732971191,13.538000106811523,44159
2018-09-28,CBEU5.MI,13.508000373840332,13.555999755859375,13.508000373840332,13.545999526977539,20662
2018-10-01,CBEU5.MI,13.538000106811523,13.5600004196167,13.538000106811523,13.552000045776367,2361
2018-10-02,CBEU5.MI,13.468000411987305,13.576000213623047,13.468000411987305,13.545999526977539,12216
2018-10-03,CBEU5.MI,13.458000183105469,13.562000274658203,13.458000183105469,13.543999671936035,57231
2018-10-04,CBEU5.MI,13.526000022888184,13.539999961853027,13.522000312805176,13.527999877929688,5599
2018-10-05,CBEU5.MI,13.522000312805176,13.538000106811523,13.5,13.522000312805176,10739
2018-10-08,CBEU5.MI,13.529999732971191,13.543999671936035,13.529999732971191,13.53600025177002,6649
2018-10-09,CBEU5.MI,13.501999855041504,13.538000106811523,13.501999855041504,13.534000396728516,19569
2018-10-10,CBEU5.MI,13.538000106811523,13.541999816894531,13.508000373840332,13.526000022888184,282912
2018-10-11,CBEU5.MI,13.510000228881836,13.550000190734863,13.510000228881836,13.531999588012695,29657
2018-10-12,CBEU5.MI,13.5600004196167,13.5600004196167,13.522000312805176,13.538000106811523,9973
2018-10-15,CBEU5.MI,13.630000114440918,13.630000114440918,13.531999588012695,13.54800033569336,8032
2018-10-16,CBEU5.MI,13.534000396728516,13.553999900817871,13.534000396728516,13.54800033569336,7273
2018-10-17,CBEU5.MI,13.543999671936035,13.565999984741211,13.541999816894531,13.550000190734863,13747
2018-10-18,CBEU5.MI,13.539999961853027,13.553999900817871,13.538000106811523,13.553999900817871,9961
2018-10-19,CBEU5.MI,13.649999618530273,13.649999618530273,13.531999588012695,13.541999816894531,29479
2018-10-22,CBEU5.MI,13.503999710083008,13.543999671936035,13.503999710083008,13.534000396728516,23638
2018-10-23,CBEU5.MI,13.526000022888184,13.565999984741211,13.52400016784668,13.539999961853027,41118
2018-10-24,CBEU5.MI,13.550000190734863,13.552000045776367,13.526000022888184,13.538000106811523,13288
2018-10-25,CBEU5.MI,13.510000228881836,13.538000106811523,13.491999626159668,13.527999877929688,12604
2018-10-26,CBEU5.MI,13.529999732971191,13.541999816894531,13.52400016784668,13.531999588012695,5841
2018-10-29,CBEU5.MI,13.434000015258789,13.527999877929688,13.434000015258789,13.522000312805176,5645
2018-10-30,CBEU5.MI,13.550000190734863,13.550000190734863,13.494000434875488,13.520000457763672,17482
2018-10-31,CBEU5.MI,13.515999794006348,13.53600025177002,13.515999794006348,13.52400016784668,16574
2018-11-01,CBEU5.MI,13.520000457763672,13.522000312805176,13.520000457763672,13.522000312805176,2207
2018-11-02,CBEU5.MI,13.520000457763672,13.527999877929688,13.517999649047852,13.527999877929688,3551
2018-11-05,CBEU5.MI,13.522000312805176,13.53600025177002,13.513999938964844,13.517999649047852,10064
2018-11-06,CBEU5.MI,13.522000312805176,13.538000106811523,13.522000312805176,13.527999877929688,4614
2018-11-07,CBEU5.MI,13.522000312805176,13.539999961853027,13.508000373840332,13.529999732971191,35627
2018-11-08,CBEU5.MI,13.52400016784668,13.53600025177002,13.520000457763672,13.522000312805176,4203
2018-11-09,CBEU5.MI,13.529999732971191,13.539999961853027,13.520000457763672,13.520000457763672,14804
2018-11-12,CBEU5.MI,13.541999816894531,13.541999816894531,13.529999732971191,13.531999588012695,5816
2018-11-13,CBEU5.MI,13.496000289916992,13.531999588012695,13.496000289916992,13.522000312805176,16651
2018-11-14,CBEU5.MI,13.515999794006348,13.52400016784668,13.503999710083008,13.505999565124512,10372
2018-11-15,CBEU5.MI,13.526000022888184,13.529999732971191,13.494000434875488,13.513999938964844,8585
2018-11-16,CBEU5.MI,13.520000457763672,13.520000457763672,13.496000289916992,13.501999855041504,35217
2018-11-19,CBEU5.MI,13.48799991607666,13.496000289916992,13.473999977111816,13.473999977111816,29919
2018-11-20,CBEU5.MI,13.465999603271484,13.496000289916992,13.435999870300293,13.460000038146973,20168
2018-11-21,CBEU5.MI,13.42199993133545,13.472000122070312,13.42199993133545,13.454000473022461,30400
2018-11-22,CBEU5.MI,13.472000122070312,13.472000122070312,13.456000328063965,13.458000183105469,9226
2018-11-23,CBEU5.MI,13.496000289916992,13.496000289916992,13.456000328063965,13.470000267028809,13447
2018-11-26,CBEU5.MI,13.482000350952148,13.486000061035156,13.465999603271484,13.473999977111816,13036
2018-11-27,CBEU5.MI,13.449999809265137,13.48799991607666,13.449999809265137,13.47599983215332,6906
2018-11-28,CBEU5.MI,13.472000122070312,13.482000350952148,13.465999603271484,13.468000411987305,18033
2018-11-29,CBEU5.MI,13.47599983215332,13.489999771118164,13.468000411987305,13.472000122070312,14259
2018-11-30,CBEU5.MI,13.461999893188477,13.479999542236328,13.461999893188477,13.46399974822998,12122
2018-12-03,CBEU5.MI,13.456000328063965,13.48799991607666,13.45199966430664,13.470000267028809,23619
2018-12-04,CBEU5.MI,13.479999542236328,13.479999542236328,13.456000328063965,13.461999893188477,11929
2018-12-05,CBEU5.MI,13.454000473022461,13.47599983215332,13.420000076293945,13.449999809265137,10836
2018-12-06,CBEU5.MI,13.47599983215332,13.47599983215332,13.435999870300293,13.449999809265137,8423
2018-12-07,CBEU5.MI,13.413999557495117,13.461999893188477,13.413999557495117,13.446000099182129,10664
2018-12-10,CBEU5.MI,13.406000137329102,13.4399995803833,13.406000137329102,13.430000305175781,7219
2018-12-11,CBEU5.MI,13.395999908447266,13.446000099182129,13.395999908447266,13.446000099182129,37342
2018-12-12,CBEU5.MI,13.435999870300293,13.456000328063965,13.42199993133545,13.446000099182129,11114
2018-12-13,CBEU5.MI,13.458000183105469,13.477999687194824,13.45199966430664,13.465999603271484,14883
2018-12-14,CBEU5.MI,13.40999984741211,13.489999771118164,13.40999984741211,13.482000350952148,14950
2018-12-17,CBEU5.MI,13.468000411987305,13.486000061035156,13.465999603271484,13.473999977111816,7186
2018-12-18,CBEU5.MI,13.470000267028809,13.482000350952148,13.458000183105469,13.461999893188477,31218
2018-12-19,CBEU5.MI,13.46399974822998,13.482000350952148,13.46399974822998,13.473999977111816,8251
2018-12-20,CBEU5.MI,13.458000183105469,13.470000267028809,13.437999725341797,13.46399974822998,13888
2018-12-21,CBEU5.MI,13.454000473022461,13.479999542236328,13.454000473022461,13.458000183105469,20532
2018-12-27,CBEU5.MI,13.470000267028809,13.48799991607666,13.442000389099121,13.470000267028809,12368
2018-12-28,CBEU5.MI,13.498000144958496,13.498000144958496,13.447999954223633,13.482000350952148,18673
2019-01-02,CBEU5.MI,13.399999618530273,13.508000373840332,13.399999618530273,13.496000289916992,4960
2019-01-03,CBEU5.MI,13.482000350952148,13.489999771118164,13.456000328063965,13.473999977111816,24089
2019-01-04,CBEU5.MI,13.461999893188477,13.465999603271484,13.449999809265137,13.458000183105469,2256
2019-01-07,CBEU5.MI,13.444000244140625,13.458000183105469,13.435999870300293,13.444000244140625,2671
2019-01-08,CBEU5.MI,13.435999870300293,13.449999809265137,13.402000427246094,13.425999641418457,39896
2019-01-09,CBEU5.MI,13.434000015258789,13.458000183105469,13.434000015258789,13.454000473022461,62083
2019-01-10,CBEU5.MI,13.428000450134277,13.465999603271484,13.428000450134277,13.454000473022461,16723
2019-01-11,CBEU5.MI,13.447999954223633,13.470000267028809,13.432000160217285,13.456000328063965,49567
2019-01-14,CBEU5.MI,13.430000305175781,13.46399974822998,13.430000305175781,13.458000183105469,13070
2019-01-15,CBEU5.MI,13.399999618530273,13.472000122070312,13.399999618530273,13.456000328063965,15960
2019-01-16,CBEU5.MI,13.399999618530273,13.486000061035156,13.399999618530273,13.472000122070312,21703
2019-01-17,CBEU5.MI,13.468000411987305,13.48799991607666,13.449999809265137,13.473999977111816,35580
2019-01-18,CBEU5.MI,13.489999771118164,13.489999771118164,13.460000038146973,13.484000205993652,23852
2019-01-21,CBEU5.MI,13.479999542236328,13.503999710083008,13.465999603271484,13.479999542236328,32038
2019-01-22,CBEU5.MI,13.399999618530273,13.503999710083008,13.399999618530273,13.491999626159668,36862
2019-01-23,CBEU5.MI,13.526000022888184,13.527999877929688,13.48799991607666,13.505999565124512,36494
2019-01-24,CBEU5.MI,13.501999855041504,13.517999649047852,13.5,13.51200008392334,18802
2019-01-25,CBEU5.MI,13.520000457763672,13.527999877929688,13.508000373840332,13.515999794006348,27921
2019-01-28,CBEU5.MI,13.527999877929688,13.527999877929688,13.508000373840332,13.510000228881836,18959
2019-01-29,CBEU5.MI,13.501999855041504,13.526000022888184,13.501999855041504,13.51200008392334,14332
2019-01-30,CBEU5.MI,13.510000228881836,13.531999588012695,13.510000228881836,13.52400016784668,34983
2019-01-31,CBEU5.MI,13.48799991607666,13.505999565124512,13.48799991607666,13.505999565124512,37162
2019-02-01,CBEU5.MI,13.501999855041504,13.522000312805176,13.501999855041504,13.513999938964844,22757
2019-02-04,CBEU5.MI,13.505999565124512,13.52400016784668,13.505999565124512,13.51200008392334,14810
2019-02-05,CBEU5.MI,13.501999855041504,13.571999549865723,13.501999855041504,13.571999549865723,25312
2019-02-06,CBEU5.MI,13.531999588012695,13.574000358581543,13.522000312805176,13.553999900817871,34778
2019-02-07,CBEU5.MI,13.534000396728516,13.553999900817871,13.534000396728516,13.541999816894531,72045
2019-02-08,CBEU5.MI,13.531999588012695,13.552000045776367,13.513999938964844,13.53600025177002,53150
2019-02-11,CBEU5.MI,13.539999961853027,13.539999961853027,13.522000312805176,13.52400016784668,24967
2019-02-12,CBEU5.MI,13.543999671936035,13.543999671936035,13.517999649047852,13.529999732971191,14406
2019-02-13,CBEU5.MI,13.539999961853027,13.557999610900879,13.510000228881836,13.54800033569336,18809
2019-02-14,CBEU5.MI,13.550000190734863,13.562000274658203,13.517999649047852,13.517999649047852,16742
2019-02-15,CBEU5.MI,13.579999923706055,13.579999923706055,13.538000106811523,13.552000045776367,45842
2019-02-18,CBEU5.MI,13.545999526977539,13.571999549865723,13.545999526977539,13.562000274658203,50817
2019-02-19,CBEU5.MI,13.553999900817871,13.579999923706055,13.553999900817871,13.571999549865723,44007
2019-02-20,CBEU5.MI,13.564000129699707,13.579999923706055,13.5600004196167,13.565999984741211,49161
2019-02-21,CBEU5.MI,13.541999816894531,13.576000213623047,13.541999816894531,13.557999610900879,29827
2019-02-22,CBEU5.MI,13.534000396728516,13.565999984741211,13.534000396728516,13.562000274658203,47280
2019-02-25,CBEU5.MI,13.539999961853027,13.569999694824219,13.539999961853027,13.564000129699707,49923
2019-02-26,CBEU5.MI,13.59000015258789,13.60200023651123,13.555999755859375,13.57800006866455,35991
2019-02-27,CBEU5.MI,13.597999572753906,13.600000381469727,13.567999839782715,13.569999694824219,15287
2019-02-28,CBEU5.MI,13.501999855041504,13.595999717712402,13.501999855041504,13.576000213623047,34917
2019-03-01,CBEU5.MI,13.579999923706055,13.59000015258789,13.562000274658203,13.583999633789062,120336
2019-03-04,CBEU5.MI,13.586000442504883,13.604000091552734,13.576000213623047,13.579999923706055,53222
2019-03-05,CBEU5.MI,13.571999549865723,13.593999862670898,13.571999549865723,13.59000015258789,25780
2019-03-06,CBEU5.MI,13.583999633789062,13.616000175476074,13.57800006866455,13.595999717712402,106654
2019-03-07,CBEU5.MI,13.579999923706055,13.616000175476074,13.579999923706055,13.607999801635742,18118
2019-03-08,CBEU5.MI,13.595999717712402,13.607999801635742,13.592000007629395,13.597999572753906,124051
2019-03-11,CBEU5.MI,13.588000297546387,13.609999656677246,13.586000442504883,13.597999572753906,61660
2019-03-12,CBEU5.MI,13.618000030517578,13.619999885559082,13.57800006866455,13.609999656677246,24970
2019-03-13,CBEU5.MI,13.62600040435791,13.63599967956543,13.612000465393066,13.61400032043457,29693
2019-03-14,CBEU5.MI,13.657999992370605,13.657999992370605,13.62399959564209,13.637999534606934,41560
2019-03-15,CBEU5.MI,13.631999969482422,13.654000282287598,13.621999740600586,13.644000053405762,33135
2019-03-18,CBEU5.MI,13.642000198364258,13.652000427246094,13.630000114440918,13.649999618530273,46964
2019-03-19,CBEU5.MI,13.616000175476074,13.668000221252441,13.616000175476074,13.657999992370605,21350
2019-03-20,CBEU5.MI,13.600000381469727,13.661999702453613,13.600000381469727,13.649999618530273,48109
2019-03-21,CBEU5.MI,13.618000030517578,13.65999984741211,13.618000030517578,13.619999885559082,22523
2019-03-22,CBEU5.MI,13.65999984741211,13.67199993133545,13.645999908447266,13.656000137329102,47540
2019-03-25,CBEU5.MI,13.654000282287598,13.65999984741211,13.618000030517578,13.654000282287598,46345
2019-03-26,CBEU5.MI,13.642000198364258,13.663999557495117,13.616000175476074,13.656000137329102,127066
2019-03-27,CBEU5.MI,13.652000427246094,13.687999725341797,13.633999824523926,13.678000450134277,30490
2019-03-28,CBEU5.MI,13.67199993133545,13.687999725341797,13.670000076293945,13.670000076293945,19905
2019-03-29,CBEU5.MI,13.645999908447266,13.697999954223633,13.645999908447266,13.67199993133545,11856
2019-04-01,CBEU5.MI,13.697999954223633,13.697999954223633,13.656000137329102,13.673999786376953,74895
2019-04-02,CBEU5.MI,13.678000450134277,13.697999954223633,13.661999702453613,13.684000015258789,111311
2019-04-03,CBEU5.MI,13.657999992370605,13.697999954223633,13.656000137329102,13.682000160217285,41332
2019-04-04,CBEU5.MI,13.666000366210938,13.697999954223633,13.666000366210938,13.67199993133545,28061
2019-04-05,CBEU5.MI,13.687999725341797,13.6899995803833,13.654000282287598,13.67199993133545,4725
2019-04-08,CBEU5.MI,13.696000099182129,13.696000099182129,13.654000282287598,13.678000450134277,17940
2019-04-09,CBEU5.MI,13.661999702453613,13.696000099182129,13.656000137329102,13.675999641418457,53023
2019-04-10,CBEU5.MI,13.657999992370605,13.699999809265137,13.657999992370605,13.684000015258789,28506
2019-04-11,CBEU5.MI,13.699999809265137,13.718000411987305,13.678000450134277,13.697999954223633,35896
2019-04-12,CBEU5.MI,13.734000205993652,13.734000205993652,13.675999641418457,13.685999870300293,21154
2019-04-15,CBEU5.MI,13.706000328063965,13.71399974822998,13.673999786376953,13.697999954223633,32144
2019-04-16,CBEU5.MI,13.697999954223633,13.722000122070312,13.685999870300293,13.710000038146973,42386
2019-04-17,CBEU5.MI,13.694000244140625,13.715999603271484,13.687999725341797,13.699999809265137,42432
2019-04-18,CBEU5.MI,13.697999954223633,13.729999542236328,13.6899995803833,13.710000038146973,11937
2019-04-23,CBEU5.MI,13.704000473022461,13.729999542236328,13.692000389099121,13.706000328063965,22931
2019-04-24,CBEU5.MI,13.708000183105469,13.741999626159668,13.704000473022461,13.729999542236328,25701
2019-04-25,CBEU5.MI,13.722000122070312,13.736000061035156,13.722000122070312,13.736000061035156,768
2019-04-26,CBEU5.MI,13.723999977111816,13.75,13.718000411987305,13.732000350952148,41764
2019-04-29,CBEU5.MI,13.744000434875488,13.746000289916992,13.720000267028809,13.73799991607666,51191
2019-04-30,CBEU5.MI,13.75,13.75,13.72599983215332,13.73799991607666,18631
2019-05-02,CBEU5.MI,13.746000289916992,13.748000144958496,13.711999893188477,13.73799991607666,17283
2019-05-03,CBEU5.MI,13.72599983215332,13.746000289916992,13.715999603271484,13.734000205993652,17090
2019-05-06,CBEU5.MI,13.76200008392334,13.76200008392334,13.718000411987305,13.732000350952148,18535
2019-05-07,CBEU5.MI,13.704000473022461,13.746000289916992,13.704000473022461,13.736000061035156,29275
2019-05-08,CBEU5.MI,13.744000434875488,13.744000434875488,13.720000267028809,13.723999977111816,20576
2019-05-09,CBEU5.MI,13.6899995803833,13.729999542236328,13.6899995803833,13.708000183105469,37035
2019-05-10,CBEU5.MI,13.692000389099121,13.704000473022461,13.682000160217285,13.697999954223633,57507
2019-05-13,CBEU5.MI,13.697999954223633,13.711999893188477,13.684000015258789,13.696000099182129,24301
2019-05-14,CBEU5.MI,13.67199993133545,13.710000038146973,13.67199993133545,13.696000099182129,22017
2019-05-15,CBEU5.MI,13.6899995803833,13.710000038146973,13.687999725341797,13.704000473022461,46711
2019-05-16,CBEU5.MI,13.710000038146973,13.722000122070312,13.704000473022461,13.718000411987305,87922
2019-05-17,CBEU5.MI,13.71399974822998,13.720000267028809,13.704000473022461,13.710000038146973,29748
2019-05-20,CBEU5.MI,13.711999893188477,13.718000411987305,13.696000099182129,13.706000328063965,39989
2019-05-21,CBEU5.MI,13.710000038146973,13.718000411987305,13.694000244140625,13.706000328063965,49859
2019-05-22,CBEU5.MI,13.699999809265137,13.706000328063965,13.692000389099121,13.692000389099121,9987
2019-05-23,CBEU5.MI,13.70199966430664,13.70199966430664,13.673999786376953,13.680000305175781,32797
2019-05-24,CBEU5.MI,13.666000366210938,13.692000389099121,13.661999702453613,13.685999870300293,73724
2019-05-27,CBEU5.MI,13.694000244140625,13.697999954223633,13.680000305175781,13.692000389099121,16708
2019-05-28,CBEU5.MI,13.699999809265137,13.708000183105469,13.685999870300293,13.687999725341797,66628
2019-05-29,CBEU5.MI,13.70199966430664,13.70199966430664,13.67199993133545,13.685999870300293,33336
2019-05-30,CBEU5.MI,13.687999725341797,13.696000099182129,13.680000305175781,13.692000389099121,6033
2019-05-31,CBEU5.MI,13.6899995803833,13.704000473022461,13.675999641418457,13.699999809265137,42602
2019-06-03,CBEU5.MI,13.718000411987305,13.718000411987305,13.675999641418457,13.684000015258789,19917
2019-06-04,CBEU5.MI,13.684000015258789,13.704000473022461,13.673999786376953,13.685999870300293,87545
2019-06-05,CBEU5.MI,13.704000473022461,13.729999542236328,13.696000099182129,13.722000122070312,80027
2019-06-06,CBEU5.MI,13.727999687194824,13.736000061035156,13.71399974822998,13.723999977111816,28469
2019-06-07,CBEU5.MI,13.729999542236328,13.746000289916992,13.718000411987305,13.73799991607666,41842
2019-06-10,CBEU5.MI,13.732000350952148,13.758000373840332,13.732000350952148,13.73799991607666,32225
2019-06-11,CBEU5.MI,13.75,13.76200008392334,13.732000350952148,13.741999626159668,35625
2019-06-12,CBEU5.MI,13.746000289916992,13.75,13.732000350952148,13.739999771118164,16282
2019-06-13,CBEU5.MI,13.736000061035156,13.765999794006348,13.734000205993652,13.748000144958496,69674
2019-06-14,CBEU5.MI,13.739999771118164,13.760000228881836,13.73799991607666,13.73799991607666,20555
2019-06-17,CBEU5.MI,13.744000434875488,13.758000373840332,13.732000350952148,13.753999710083008,126242
2019-06-18,CBEU5.MI,13.744000434875488,13.805999755859375,13.744000434875488,13.795999526977539,415631
2019-06-19,CBEU5.MI,13.789999961853027,13.802000045776367,13.784000396728516,13.800000190734863,19017
2019-06-20,CBEU5.MI,13.805999755859375,13.847999572753906,13.805999755859375,13.829999923706055,42339
2019-06-21,CBEU5.MI,13.814000129699707,13.831999778747559,13.814000129699707,13.821999549865723,24969
2019-06-24,CBEU5.MI,13.815999984741211,13.831999778747559,13.803999900817871,13.814000129699707,30743
2019-06-25,CBEU5.MI,13.805999755859375,13.819999694824219,13.803999900817871,13.812000274658203,31601
2019-06-26,CBEU5.MI,13.805999755859375,13.815999984741211,13.802000045776367,13.814000129699707,98846
2019-06-27,CBEU5.MI,13.800000190734863,13.814000129699707,13.800000190734863,13.8100004196167,25354
2019-06-28,CBEU5.MI,13.805999755859375,13.824000358581543,13.805999755859375,13.812000274658203,35909
2019-07-01,CBEU5.MI,13.819999694824219,13.831999778747559,13.819999694824219,13.831999778747559,9571
2019-07-02,CBEU5.MI,13.824000358581543,13.845999717712402,13.824000358581543,13.836000442504883,32057
2019-07-03,CBEU5.MI,13.871999740600586,13.871999740600586,13.84000015258789,13.855999946594238,30986
2019-07-04,CBEU5.MI,13.850000381469727,13.87600040435791,13.850000381469727,13.86400032043457,19816
2019-07-05,CBEU5.MI,13.869999885559082,13.871999740600586,13.845999717712402,13.855999946594238,39510
2019-07-08,CBEU5.MI,13.86400032043457,13.86400032043457,13.847999572753906,13.850000381469727,13704
2019-07-09,CBEU5.MI,13.838000297546387,13.85200023651123,13.82800006866455,13.838000297546387,19602
2019-07-10,CBEU5.MI,13.821999549865723,13.838000297546387,13.8100004196167,13.833999633789062,36941
2019-07-11,CBEU5.MI,13.833999633789062,13.843999862670898,13.82800006866455,13.84000015258789,20245
2019-07-12,CBEU5.MI,13.831999778747559,13.843999862670898,13.829999923706055,13.84000015258789,6484
2019-07-15,CBEU5.MI,13.829999923706055,13.86400032043457,13.829999923706055,13.854000091552734,28275
2019-07-16,CBEU5.MI,13.845999717712402,13.862000465393066,13.845999717712402,13.85200023651123,16489
2019-07-17,CBEU5.MI,13.850000381469727,13.869999885559082,13.850000381469727,13.854000091552734,13553
2019-07-18,CBEU5.MI,13.855999946594238,13.869999885559082,13.845999717712402,13.862000465393066,36913
2019-07-19,CBEU5.MI,13.859999656677246,13.878000259399414,13.854000091552734,13.866000175476074,24708
2019-07-22,CBEU5.MI,13.859999656677246,13.880000114440918,13.859999656677246,13.880000114440918,54995
2019-07-23,CBEU5.MI,13.87399959564209,13.887999534606934,13.87399959564209,13.881999969482422,14747
2019-07-24,CBEU5.MI,13.880000114440918,13.899999618530273,13.866000175476074,13.890000343322754,35938
2019-07-25,CBEU5.MI,13.883999824523926,13.930000305175781,13.883999824523926,13.902000427246094,52068
2019-07-26,CBEU5.MI,13.904000282287598,13.916000366210938,13.89799976348877,13.89799976348877,11558
2019-07-29,CBEU5.MI,13.904000282287598,13.923999786376953,13.890000343322754,13.907999992370605,89302
2019-07-30,CBEU5.MI,13.895999908447266,13.90999984741211,13.880000114440918,13.890000343322754,31954
2019-07-31,CBEU5.MI,13.862000465393066,13.868000030517578,13.845999717712402,13.859999656677246,10880
2019-08-01,CBEU5.MI,13.800000190734863,13.913999557495117,13.800000190734863,13.868000030517578,38333
2019-08-02,CBEU5.MI,13.831999778747559,13.857999801635742,13.815999984741211,13.831999778747559,22193
2019-08-05,CBEU5.MI,13.843999862670898,13.843999862670898,13.826000213623047,13.826000213623047,14789
2019-08-06,CBEU5.MI,13.836000442504883,13.847999572753906,13.817999839782715,13.847999572753906,12528
2019-08-07,CBEU5.MI,13.854000091552734,13.87399959564209,13.838000297546387,13.866000175476074,25982
2019-08-08,CBEU5.MI,13.87399959564209,13.878000259399414,13.866000175476074,13.878000259399414,16724
2019-08-09,CBEU5.MI,13.871999740600586,13.883999824523926,13.871999740600586,13.87600040435791,37084
2019-08-12,CBEU5.MI,13.883999824523926,13.88599967956543,13.871999740600586,13.880000114440918,4202
2019-08-13,CBEU5.MI,13.880000114440918,13.88599967956543,13.86400032043457,13.87600040435791,50259
2019-08-14,CBEU5.MI,13.890000343322754,13.895999908447266,13.866000175476074,13.866000175476074,70166
2019-08-16,CBEU5.MI,13.887999534606934,13.887999534606934,13.880000114440918,13.881999969482422,1024
2019-08-19,CBEU5.MI,13.890000343322754,13.892000198364258,13.871999740600586,13.880000114440918,6499
2019-08-20,CBEU5.MI,13.899999618530273,13.899999618530273,13.878000259399414,13.895999908447266,6836
2019-08-21,CBEU5.MI,13.892000198364258,13.906000137329102,13.881999969482422,13.88599967956543,10221
2019-08-22,CBEU5.MI,13.890000343322754,13.899999618530273,13.878000259399414,13.88599967956543,22156
2019-08-23,CBEU5.MI,13.880000114440918,13.895999908447266,13.880000114440918,13.895999908447266,1036
2019-08-26,CBEU5.MI,13.907999992370605,13.907999992370605,13.87399959564209,13.89799976348877,10883
2019-08-27,CBEU5.MI,13.902000427246094,13.90999984741211,13.887999534606934,13.890000343322754,21744
2019-08-28,CBEU5.MI,13.881999969482422,13.904000282287598,13.871999740600586,13.88599967956543,20518
2019-08-29,CBEU5.MI,13.906000137329102,13.906000137329102,13.869999885559082,13.883999824523926,10212
2019-08-30,CBEU5.MI,13.881999969482422,13.89799976348877,13.881999969482422,13.892000198364258,8269
2019-09-02,CBEU5.MI,13.899999618530273,13.904000282287598,13.880000114440918,13.899999618530273,5880
2019-09-03,CBEU5.MI,13.904000282287598,13.907999992370605,13.866000175476074,13.866000175476074,7433
2019-09-04,CBEU5.MI,13.868000030517578,13.880000114440918,13.859999656677246,13.87399959564209,9171
2019-09-05,CBEU5.MI,13.88599967956543,13.887999534606934,13.862000465393066,13.868000030517578,19554
2019-09-06,CBEU5.MI,13.859999656677246,13.88599967956543,13.850000381469727,13.862000465393066,14842
2019-09-09,CBEU5.MI,13.868000030517578,13.868000030517578,13.847999572753906,13.854000091552734,7745
2019-09-10,CBEU5.MI,13.857999801635742,13.857999801635742,13.836000442504883,13.847999572753906,44756
2019-09-11,CBEU5.MI,13.838000297546387,13.84000015258789,13.824000358581543,13.836000442504883,18208
2019-09-12,CBEU5.MI,13.833999633789062,13.887999534606934,13.829999923706055,13.829999923706055,29388
2019-09-13,CBEU5.MI,13.831999778747559,13.850000381469727,13.821999549865723,13.833999633789062,21797
2019-09-16,CBEU5.MI,13.838000297546387,13.845999717712402,13.826000213623047,13.845999717712402,18821
2019-09-17,CBEU5.MI,13.843999862670898,13.845999717712402,13.8100004196167,13.842000007629395,88051
2019-09-18,CBEU5.MI,13.821999549865723,13.824000358581543,13.807999610900879,13.815999984741211,6475
2019-09-19,CBEU5.MI,13.819999694824219,13.819999694824219,13.800000190734863,13.812000274658203,19333
2019-09-20,CBEU5.MI,13.800000190734863,13.815999984741211,13.795999526977539,13.8100004196167,11310
2019-09-23,CBEU5.MI,13.824000358581543,13.82800006866455,13.814000129699707,13.821999549865723,26605
2019-09-24,CBEU5.MI,13.8100004196167,13.833999633789062,13.802000045776367,13.82800006866455,18078
2019-09-25,CBEU5.MI,13.831999778747559,13.833999633789062,13.807999610900879,13.819999694824219,119872
2019-09-26,CBEU5.MI,13.829999923706055,13.836000442504883,13.817999839782715,13.824000358581543,48152
2019-09-27,CBEU5.MI,13.826000213623047,13.843999862670898,13.824000358581543,13.836000442504883,19786
2019-09-30,CBEU5.MI,13.84000015258789,13.843999862670898,13.814000129699707,13.843999862670898,9855
2019-10-01,CBEU5.MI,13.847999572753906,13.85200023651123,13.833999633789062,13.845999717712402,26587
2019-10-02,CBEU5.MI,13.838000297546387,13.850000381469727,13.829999923706055,13.833999633789062,91180
2019-10-03,CBEU5.MI,13.838000297546387,13.843999862670898,13.833999633789062,13.833999633789062,15344
2019-10-04,CBEU5.MI,13.833999633789062,13.845999717712402,13.815999984741211,13.836000442504883,13590
2019-10-07,CBEU5.MI,13.847999572753906,13.850000381469727,13.817999839782715,13.826000213623047,9044
2019-10-08,CBEU5.MI,13.838000297546387,13.84000015258789,13.815999984741211,13.833999633789062,101274
2019-10-09,CBEU5.MI,13.838000297546387,13.838000297546387,13.814000129699707,13.824000358581543,14323
2019-10-10,CBEU5.MI,13.8100004196167,13.821999549865723,13.805999755859375,13.807999610900879,9145
2019-10-11,CBEU5.MI,13.805999755859375,13.815999984741211,13.802000045776367,13.8100004196167,24535
2019-10-14,CBEU5.MI,13.814000129699707,13.819999694824219,13.807999610900879,13.807999610900879,20631
2019-10-15,CBEU5.MI,13.803999900817871,13.819999694824219,13.802000045776367,13.8100004196167,24330
2019-10-16,CBEU5.MI,13.815999984741211,13.815999984741211,13.791999816894531,13.803999900817871,9883
2019-10-17,CBEU5.MI,13.805999755859375,13.814000129699707,13.788000106811523,13.807999610900879,19861
2019-10-18,CBEU5.MI,13.791999816894531,13.814000129699707,13.791999816894531,13.807999610900879,25590
2019-10-21,CBEU5.MI,13.800000190734863,13.824000358581543,13.791999816894531,13.807999610900879,29928
2019-10-22,CBEU5.MI,13.781999588012695,13.826000213623047,13.781999588012695,13.8100004196167,13649
2019-10-23,CBEU5.MI,13.805999755859375,13.821999549865723,13.805999755859375,13.812000274658203,6957
2019-10-24,CBEU5.MI,13.82800006866455,13.829999923706055,13.800000190734863,13.815999984741211,6264
2019-10-25,CBEU5.MI,13.8100004196167,13.821999549865723,13.8100004196167,13.817999839782715,16452
2019-10-28,CBEU5.MI,13.829999923706055,13.829999923706055,13.800000190734863,13.805999755859375,21910
2019-10-29,CBEU5.MI,13.803999900817871,13.815999984741211,13.800000190734863,13.8100004196167,5302
2019-10-30,CBEU5.MI,13.803999900817871,13.807999610900879,13.800000190734863,13.805999755859375,12250
2019-10-31,CBEU5.MI,13.800000190734863,13.84000015258789,13.793999671936035,13.821999549865723,12402
2019-11-01,CBEU5.MI,13.824000358581543,13.824000358581543,13.8100004196167,13.814000129699707,410
2019-11-04,CBEU5.MI,13.815999984741211,13.819999694824219,13.793999671936035,13.807999610900879,21155
2019-11-05,CBEU5.MI,13.812000274658203,13.821999549865723,13.802000045776367,13.821999549865723,68672
2019-11-06,CBEU5.MI,13.807999610900879,13.819999694824219,13.795999526977539,13.815999984741211,138498
2019-11-07,CBEU5.MI,13.803999900817871,13.821999549865723,13.789999961853027,13.802000045776367,31530
2019-11-08,CBEU5.MI,13.78600025177002,13.807999610900879,13.77400016784668,13.795999526977539,15070
2019-11-11,CBEU5.MI,13.789999961853027,13.807999610900879,13.784000396728516,13.789999961853027,4481
2019-11-12,CBEU5.MI,13.793999671936035,13.802000045776367,13.784000396728516,13.795999526977539,134381
2019-11-13,CBEU5.MI,13.789999961853027,13.8100004196167,13.789999961853027,13.793999671936035,68570
2019-11-14,CBEU5.MI,13.800000190734863,13.812000274658203,13.795999526977539,13.805999755859375,15509
2019-11-15,CBEU5.MI,13.812000274658203,13.812000274658203,13.793999671936035,13.79800033569336,12151
2019-11-18,CBEU5.MI,13.800000190734863,13.814000129699707,13.793999671936035,13.800000190734863,29232
2019-11-19,CBEU5.MI,13.78600025177002,13.812000274658203,13.78600025177002,13.795999526977539,58153
2019-11-20,CBEU5.MI,13.803999900817871,13.803999900817871,13.779999732971191,13.788000106811523,11572
2019-11-21,CBEU5.MI,13.791999816894531,13.791999816894531,13.755999565124512,13.765999794006348,36917
2019-11-22,CBEU5.MI,13.763999938964844,13.79800033569336,13.753999710083008,13.772000312805176,21367
2019-11-25,CBEU5.MI,13.760000228881836,13.803999900817871,13.760000228881836,13.760000228881836,10292
2019-11-26,CBEU5.MI,13.772000312805176,13.815999984741211,13.770000457763672,13.795999526977539,46754
2019-11-27,CBEU5.MI,13.795999526977539,13.819999694824219,13.78600025177002,13.805999755859375,17397
2019-11-28,CBEU5.MI,13.795999526977539,13.821999549865723,13.781999588012695,13.802000045776367,48279
2019-11-29,CBEU5.MI,13.802000045776367,13.821999549865723,13.789999961853027,13.803999900817871,53412
2019-12-02,CBEU5.MI,13.78600025177002,13.805999755859375,13.77400016784668,13.795999526977539,9740
2019-12-03,CBEU5.MI,13.805999755859375,13.824000358581543,13.789999961853027,13.814000129699707,81489
2019-12-04,CBEU5.MI,13.814000129699707,13.826000213623047,13.78600025177002,13.807999610900879,15669
2019-12-05,CBEU5.MI,13.821999549865723,13.824000358581543,13.79800033569336,13.807999610900879,72981
2019-12-06,CBEU5.MI,13.800000190734863,13.8100004196167,13.800000190734863,13.805999755859375,4332
2019-12-09,CBEU5.MI,13.826000213623047,13.826000213623047,13.807999610900879,13.817999839782715,11014
2019-12-10,CBEU5.MI,13.807999610900879,13.824000358581543,13.807999610900879,13.817999839782715,16247
2019-12-11,CBEU5.MI,13.826000213623047,13.826000213623047,13.802000045776367,13.815999984741211,176483
2019-12-12,CBEU5.MI,13.8100004196167,13.843999862670898,13.8100004196167,13.815999984741211,9917
2019-12-13,CBEU5.MI,13.829999923706055,13.843999862670898,13.8100004196167,13.821999549865723,42992
2019-12-16,CBEU5.MI,13.833999633789062,13.84000015258789,13.821999549865723,13.831999778747559,6860
2019-12-17,CBEU5.MI,13.824000358581543,13.84000015258789,13.814000129699707,13.831999778747559,23497
2019-12-18,CBEU5.MI,13.8100004196167,13.845999717712402,13.8100004196167,13.826000213623047,12321
2019-12-19,CBEU5.MI,13.829999923706055,13.84000015258789,13.8100004196167,13.833999633789062,5837
2019-12-20,CBEU5.MI,13.815999984741211,13.847999572753906,13.815999984741211,13.831999778747559,151541
2019-12-23,CBEU5.MI,13.829999923706055,13.842000007629395,13.812000274658203,13.831999778747559,10697
2019-12-27,CBEU5.MI,13.855999946594238,13.855999946594238,13.812000274658203,13.82800006866455,41304
2019-12-30,CBEU5.MI,13.82800006866455,13.82800006866455,13.800000190734863,13.8100004196167,10880
2020-01-02,CBEU5.MI,13.824000358581543,13.847999572753906,13.8100004196167,13.829999923706055,9317
2020-01-03,CBEU5.MI,13.829999923706055,13.842000007629395,13.82800006866455,13.838000297546387,2675
2020-01-06,CBEU5.MI,13.854000091552734,13.854000091552734,13.829999923706055,13.829999923706055,8666
2020-01-07,CBEU5.MI,13.836000442504883,13.842000007629395,13.82800006866455,13.833999633789062,12538
2020-01-08,CBEU5.MI,13.826000213623047,13.843999862670898,13.817999839782715,13.82800006866455,1035
2020-01-09,CBEU5.MI,13.819999694824219,13.826000213623047,13.817999839782715,13.817999839782715,19207
2020-01-10,CBEU5.MI,13.826000213623047,13.833999633789062,13.805999755859375,13.819999694824219,20964
2020-01-13,CBEU5.MI,13.833999633789062,13.838000297546387,13.8100004196167,13.814000129699707,32305
2020-01-14,CBEU5.MI,13.8100004196167,13.819999694824219,13.791999816894531,13.814000129699707,60911
2020-01-15,CBEU5.MI,13.821999549865723,13.831999778747559,13.807999610900879,13.821999549865723,26692
2020-01-16,CBEU5.MI,13.82800006866455,13.836000442504883,13.814000129699707,13.826000213623047,57680
2020-01-17,CBEU5.MI,13.819999694824219,13.85200023651123,13.814000129699707,13.829999923706055,84416
2020-01-20,CBEU5.MI,13.821999549865723,13.845999717712402,13.821999549865723,13.836000442504883,100684
2020-01-21,CBEU5.MI,13.845999717712402,13.850000381469727,13.824000358581543,13.843999862670898,66896
2020-01-22,CBEU5.MI,13.838000297546387,13.850000381469727,13.82800006866455,13.838000297546387,7005
2020-01-23,CBEU5.MI,13.833999633789062,13.866000175476074,13.826000213623047,13.850000381469727,144625
2020-01-24,CBEU5.MI,13.85200023651123,13.854000091552734,13.836000442504883,13.854000091552734,13052
2020-01-27,CBEU5.MI,13.859999656677246,13.866000175476074,13.842000007629395,13.862000465393066,11028
2020-01-28,CBEU5.MI,13.868000030517578,13.869999885559082,13.842000007629395,13.845999717712402,22857
2020-01-29,CBEU5.MI,13.859999656677246,13.86400032043457,13.842000007629395,13.855999946594238,9986
2020-01-30,CBEU5.MI,13.868000030517578,13.871999740600586,13.854000091552734,13.859999656677246,32933
2020-01-31,CBEU5.MI,13.871999740600586,13.871999740600586,13.85200023651123,13.866000175476074,13406
2020-02-03,CBEU5.MI,13.838000297546387,13.838000297546387,13.821999549865723,13.831999778747559,13743
2020-02-04,CBEU5.MI,13.829999923706055,13.842000007629395,13.815999984741211,13.842000007629395,34854
2020-02-05,CBEU5.MI,13.821999549865723,13.833999633789062,13.819999694824219,13.826000213623047,28879
2020-02-06,CBEU5.MI,13.8100004196167,13.838000297546387,13.8100004196167,13.831999778747559,31394
2020-02-07,CBEU5.MI,13.826000213623047,13.838000297546387,13.821999549865723,13.82800006866455,13751
2020-02-10,CBEU5.MI,13.829999923706055,13.850000381469727,13.824000358581543,13.838000297546387,21412
2020-02-11,CBEU5.MI,13.836000442504883,13.85200023651123,13.829999923706055,13.836000442504883,54188
2020-02-12,CBEU5.MI,13.831999778747559,13.838000297546387,13.826000213623047,13.833999633789062,15062
2020-02-13,CBEU5.MI,13.842000007629395,13.854000091552734,13.82800006866455,13.829999923706055,40923
2020-02-14,CBEU5.MI,13.831999778747559,13.847999572753906,13.829999923706055,13.838000297546387,16110
2020-02-17,CBEU5.MI,13.845999717712402,13.85200023651123,13.815999984741211,13.84000015258789,13084
2020-02-18,CBEU5.MI,13.826000213623047,13.862000465393066,13.826000213623047,13.845999717712402,25799
2020-02-19,CBEU5.MI,13.854000091552734,13.855999946594238,13.836000442504883,13.845999717712402,7692
2020-02-20,CBEU5.MI,13.842000007629395,13.862000465393066,13.838000297546387,13.854000091552734,95615
2020-02-21,CBEU5.MI,13.862000465393066,13.862000465393066,13.84000015258789,13.843999862670898,11415
2020-02-24,CBEU5.MI,13.850000381469727,13.866000175476074,13.824000358581543,13.84000015258789,74076
2020-02-25,CBEU5.MI,13.84000015258789,13.854000091552734,13.826000213623047,13.833999633789062,22290
2020-02-26,CBEU5.MI,13.819999694824219,13.82800006866455,13.788000106811523,13.826000213623047,20892
2020-02-27,CBEU5.MI,13.829999923706055,13.84000015258789,13.802000045776367,13.803999900817871,49856
2020-02-28,CBEU5.MI,13.767999649047852,13.805999755859375,13.734000205993652,13.755999565124512,33083
2020-03-02,CBEU5.MI,13.758000373840332,13.791999816894531,13.755999565124512,13.767999649047852,94951
2020-03-03,CBEU5.MI,13.789999961853027,13.795999526977539,13.770000457763672,13.78600025177002,31975
2020-03-04,CBEU5.MI,13.77400016784668,13.819999694824219,13.77400016784668,13.8100004196167,18685
2020-03-05,CBEU5.MI,13.819999694824219,13.82800006866455,13.779999732971191,13.8100004196167,95458
2020-03-06,CBEU5.MI,13.824000358581543,13.824000358581543,13.739999771118164,13.763999938964844,25062
2020-03-09,CBEU5.MI,13.720000267028809,13.843999862670898,13.350000381469727,13.583999633789062,41689
2020-03-10,CBEU5.MI,13.489999771118164,13.60200023651123,13.461999893188477,13.583999633789062,26665
2020-03-11,CBEU5.MI,13.5,13.699999809265137,13.473999977111816,13.574000358581543,23879
2020-03-12,CBEU5.MI,13.392000198364258,13.498000144958496,13.043999671936035,13.223999977111816,28694
2020-03-13,CBEU5.MI,13.357999801635742,13.5,13.300000190734863,13.434000015258789,331022
2020-03-16,CBEU5.MI,13.015999794006348,13.303999900817871,12.87399959564209,13.088000297546387,7945
2020-03-17,CBEU5.MI,12.880000114440918,13.197999954223633,12.6899995803833,12.6899995803833,30197
2020-03-18,CBEU5.MI,12.751999855041504,12.829999923706055,12.354000091552734,12.562000274658203,26934
2020-03-19,CBEU5.MI,12.416000366210938,12.699999809265137,12.416000366210938,12.583999633789062,6442
2020-03-20,CBEU5.MI,12.529999732971191,13.088000297546387,12.526000022888184,12.71399974822998,13153
2020-03-23,CBEU5.MI,12.482000350952148,13.050000190734863,12.482000350952148,13.034000396728516,36254
2020-03-24,CBEU5.MI,13.0,13.050000190734863,12.767999649047852,12.843999862670898,15864
2020-03-25,CBEU5.MI,12.949999809265137,13.140000343322754,12.949999809265137,13.029999732971191,17726
2020-03-26,CBEU5.MI,12.96399974822998,13.199999809265137,12.96399974822998,13.194000244140625,4826
2020-03-27,CBEU5.MI,13.081999778747559,13.21399974822998,13.079999923706055,13.131999969482422,84599
2020-03-30,CBEU5.MI,13.11400032043457,13.140000343322754,13.095999717712402,13.121999740600586,3532
2020-03-31,CBEU5.MI,13.100000381469727,13.210000038146973,13.093999862670898,13.140000343322754,79729
2020-04-01,CBEU5.MI,13.057999610900879,13.142000198364258,13.057999610900879,13.088000297546387,12677
2020-04-02,CBEU5.MI,13.107999801635742,13.107999801635742,13.04800033569336,13.067999839782715,7648
2020-04-03,CBEU5.MI,13.088000297546387,13.131999969482422,13.052000045776367,13.09000015258789,35766
2020-04-06,CBEU5.MI,13.03600025177002,13.14799976348877,13.03600025177002,13.11400032043457,39829
2020-04-07,CBEU5.MI,13.142000198364258,13.154000282287598,13.050000190734863,13.128000259399414,14723
2020-04-08,CBEU5.MI,13.173999786376953,13.1899995803833,13.140000343322754,13.1899995803833,43843
2020-04-09,CBEU5.MI,13.182000160217285,13.291999816894531,13.140000343322754,13.270000457763672,138659
2020-04-14,CBEU5.MI,13.277999877929688,13.39799976348877,13.25,13.338000297546387,34088
2020-04-15,CBEU5.MI,13.390000343322754,13.390000343322754,13.314000129699707,13.347999572753906,18373
2020-04-16,CBEU5.MI,13.293999671936035,13.380000114440918,13.284000396728516,13.362000465393066,69951
2020-04-17,CBEU5.MI,13.378000259399414,13.378000259399414,13.350000381469727,13.35200023651123,99864
2020-04-20,CBEU5.MI,13.359999656677246,13.369999885559082,13.303999900817871,13.324000358581543,36378
2020-04-21,CBEU5.MI,13.300000190734863,13.345999717712402,13.297699928283691,13.326000213623047,23496
2020-04-22,CBEU5.MI,13.3100004196167,13.343999862670898,13.295999526977539,13.295999526977539,57766
2020-04-23,CBEU5.MI,13.281999588012695,13.381999969482422,13.267999649047852,13.347999572753906,15139
2020-04-24,CBEU5.MI,13.319999694824219,13.39799976348877,13.314000129699707,13.366000175476074,19618
2020-04-27,CBEU5.MI,13.418000221252441,13.420000076293945,13.357999801635742,13.39799976348877,18063
2020-04-28,CBEU5.MI,13.394000053405762,13.437999725341797,13.394000053405762,13.411999702453613,196784
2020-04-29,CBEU5.MI,13.430000305175781,13.442000389099121,13.402000427246094,13.406000137329102,66415
2020-04-30,CBEU5.MI,13.416000366210938,13.449999809265137,13.399999618530273,13.437999725341797,37745
2020-05-04,CBEU5.MI,13.350000381469727,13.4399995803833,13.350000381469727,13.418000221252441,78152
2020-05-05,CBEU5.MI,13.437999725341797,13.444000244140625,13.354000091552734,13.420000076293945,33301
2020-05-06,CBEU5.MI,13.418000221252441,13.434000015258789,13.371999740600586,13.371999740600586,149629
2020-05-07,CBEU5.MI,13.381999969482422,13.402000427246094,13.32800006866455,13.369999885559082,82359
2020-05-08,CBEU5.MI,13.399999618530273,13.428000450134277,13.359999656677246,13.399999618530273,15670
2020-05-11,CBEU5.MI,13.380000114440918,13.402000427246094,13.35200023651123,13.383999824523926,23469
2020-05-12,CBEU5.MI,13.380000114440918,13.394000053405762,13.34000015258789,13.369999885559082,72196
2020-05-13,CBEU5.MI,13.381999969482422,13.387999534606934,13.307999610900879,13.307999610900879,14778
2020-05-14,CBEU5.MI,13.336000442504883,13.36400032043457,13.289999961853027,13.324000358581543,145295
2020-05-15,CBEU5.MI,13.35200023651123,13.35200023651123,13.289999961853027,13.319999694824219,10416
2020-05-18,CBEU5.MI,13.307999610900879,13.354000091552734,13.291999816894531,13.324000358581543,82720
2020-05-19,CBEU5.MI,13.303999900817871,13.359999656677246,13.291999816894531,13.355999946594238,81873
2020-05-20,CBEU5.MI,13.3100004196167,13.371999740600586,13.305999755859375,13.354000091552734,19356
2020-05-21,CBEU5.MI,13.369999885559082,13.399999618530273,13.326000213623047,13.368000030517578,28623
2020-05-22,CBEU5.MI,13.407999992370605,13.407999992370605,13.362000465393066,13.378000259399414,12244
2020-05-25,CBEU5.MI,13.407999992370605,13.416000366210938,13.371999740600586,13.416000366210938,124276
2020-05-26,CBEU5.MI,13.399999618530273,13.434000015258789,13.395999908447266,13.399999618530273,108186
2020-05-27,CBEU5.MI,13.38599967956543,13.449999809265137,13.38599967956543,13.444000244140625,22331
2020-05-28,CBEU5.MI,13.460000038146973,13.501999855041504,13.434000015258789,13.501999855041504,155749
2020-05-29,CBEU5.MI,13.45199966430664,13.486000061035156,13.432000160217285,13.444000244140625,86415
2020-06-01,CBEU5.MI,13.47599983215332,13.482000350952148,13.444000244140625,13.477999687194824,10045
2020-06-02,CBEU5.MI,13.473999977111816,13.486000061035156,13.473999977111816,13.486000061035156,5342
2020-06-03,CBEU5.MI,13.498000144958496,13.562000274658203,13.496000289916992,13.538000106811523,101243
2020-06-04,CBEU5.MI,13.531999588012695,13.588000297546387,13.51200008392334,13.564000129699707,24719
2020-06-05,CBEU5.MI,13.600000381469727,13.663999557495117,13.586000442504883,13.631999969482422,39843
2020-06-08,CBEU5.MI,13.684000015258789,13.692000389099121,13.65999984741211,13.666000366210938,10693
2020-06-09,CBEU5.MI,13.649999618530273,13.685999870300293,13.597999572753906,13.604000091552734,53535
2020-06-10,CBEU5.MI,13.619999885559082,13.619999885559082,13.571999549865723,13.583999633789062,6715
2020-06-11,CBEU5.MI,13.593999862670898,13.593999862670898,13.52400016784668,13.545999526977539,38516
2020-06-12,CBEU5.MI,13.520000457763672,13.583999633789062,13.520000457763672,13.562000274658203,15620
2020-06-15,CBEU5.MI,13.576000213623047,13.57800006866455,13.557999610900879,13.57800006866455,5420
2020-06-16,CBEU5.MI,13.61400032043457,13.642000198364258,13.555999755859375,13.592000007629395,25620
2020-06-17,CBEU5.MI,13.616000175476074,13.633999824523926,13.579999923706055,13.60200023651123,24404
2020-06-18,CBEU5.MI,13.593999862670898,13.618000030517578,13.515999794006348,13.565999984741211,61300
2020-06-19,CBEU5.MI,13.539999961853027,13.583999633789062,13.539999961853027,13.569999694824219,44439
2020-06-22,CBEU5.MI,13.579999923706055,13.604000091552734,13.574000358581543,13.574000358581543,37651
2020-06-23,CBEU5.MI,13.579999923706055,13.60200023651123,13.569999694824219,13.593999862670898,33184
2020-06-24,CBEU5.MI,13.574000358581543,13.579999923706055,13.529999732971191,13.571999549865723,47990
2020-06-25,CBEU5.MI,13.583999633789062,13.588000297546387,13.564000129699707,13.574000358581543,9184
2020-06-26,CBEU5.MI,13.579999923706055,13.579999923706055,13.538000106811523,13.553999900817871,3774
2020-06-29,CBEU5.MI,13.543999671936035,13.616000175476074,13.517999649047852,13.564000129699707,23937
2020-06-30,CBEU5.MI,13.54800033569336,13.609999656677246,13.531999588012695,13.59000015258789,38488
2020-07-01,CBEU5.MI,13.595999717712402,13.595999717712402,13.562000274658203,13.571999549865723,4167
2020-07-02,CBEU5.MI,13.579999923706055,13.61400032043457,13.555999755859375,13.574000358581543,20176
2020-07-03,CBEU5.MI,13.553999900817871,13.619999885559082,13.552000045776367,13.586000442504883,6010
2020-07-06,CBEU5.MI,13.597999572753906,13.649999618530273,13.562000274658203,13.607999801635742,18398
2020-07-07,CBEU5.MI,13.654000282287598,13.656000137329102,13.5600004196167,13.597999572753906,9849
2020-07-08,CBEU5.MI,13.600000381469727,13.656000137329102,13.597999572753906,13.61400032043457,8841
2020-07-09,CBEU5.MI,13.586000442504883,13.654000282287598,13.5600004196167,13.604000091552734,31323
2020-07-10,CBEU5.MI,13.630000114440918,13.666000366210938,13.574000358581543,13.630000114440918,32109
2020-07-13,CBEU5.MI,13.583999633789062,13.654000282287598,13.565999984741211,13.60200023651123,3189
2020-07-14,CBEU5.MI,13.567999839782715,13.654000282287598,13.562000274658203,13.61400032043457,5183
2020-07-15,CBEU5.MI,13.675999641418457,13.675999641418457,13.576000213623047,13.642000198364258,3568
2020-07-16,CBEU5.MI,13.595999717712402,13.692000389099121,13.595999717712402,13.656000137329102,27342
2020-07-17,CBEU5.MI,13.678000450134277,13.70199966430664,13.630000114440918,13.656000137329102,24452
2020-07-20,CBEU5.MI,13.600000381469727,13.715999603271484,13.600000381469727,13.682000160217285,12970
2020-07-21,CBEU5.MI,13.680000305175781,13.718000411987305,13.63599967956543,13.673999786376953,18731
2020-07-22,CBEU5.MI,13.645999908447266,13.729999542236328,13.645999908447266,13.675999641418457,51672
2020-07-23,CBEU5.MI,13.661999702453613,13.729999542236328,13.645999908447266,13.685999870300293,142933
2020-07-24,CBEU5.MI,13.744000434875488,13.744000434875488,13.63599967956543,13.67199993133545,22705
2020-07-27,CBEU5.MI,13.6899995803833,13.720000267028809,13.6899995803833,13.720000267028809,40001
2020-07-28,CBEU5.MI,13.663999557495117,13.734000205993652,13.663999557495117,13.699999809265137,9029
2020-07-29,CBEU5.MI,13.675999641418457,13.753999710083008,13.668000221252441,13.696000099182129,45551
2020-07-30,CBEU5.MI,13.675999641418457,13.699999809265137,13.649999618530273,13.6899995803833,26946
2020-07-31,CBEU5.MI,13.699999809265137,13.744000434875488,13.649999618530273,13.680000305175781,54805
2020-08-03,CBEU5.MI,13.670000076293945,13.684000015258789,13.604000091552734,13.642000198364258,7073
2020-08-04,CBEU5.MI,13.70199966430664,13.70199966430664,13.618000030517578,13.666000366210938,21871
2020-08-05,CBEU5.MI,13.663999557495117,13.6899995803833,13.612000465393066,13.640000343322754,9807
2020-08-06,CBEU5.MI,13.656000137329102,13.711999893188477,13.628000259399414,13.67199993133545,17544
2020-08-07,CBEU5.MI,13.711999893188477,13.723999977111816,13.63599967956543,13.678000450134277,30780
2020-08-10,CBEU5.MI,13.722000122070312,13.722000122070312,13.62600040435791,13.699999809265137,31579
2020-08-11,CBEU5.MI,13.694000244140625,13.720000267028809,13.67199993133545,13.711999893188477,127501
2020-08-12,CBEU5.MI,13.697999954223633,13.708000183105469,13.680000305175781,13.699999809265137,30748
2020-08-13,CBEU5.MI,13.706000328063965,13.706000328063965,13.62600040435791,13.62600040435791,102445
2020-08-14,CBEU5.MI,13.715999603271484,13.715999603271484,13.670000076293945,13.682000160217285,715
2020-08-17,CBEU5.MI,13.654000282287598,13.727999687194824,13.649999618530273,13.684000015258789,66580
2020-08-18,CBEU5.MI,13.710000038146973,13.715999603271484,13.64799976348877,13.680000305175781,233706
2020-08-19,CBEU5.MI,13.67199993133545,13.723999977111816,13.666000366210938,13.694000244140625,405
2020-08-20,CBEU5.MI,13.718000411987305,13.73799991607666,13.668000221252441,13.696000099182129,44065
2020-08-21,CBEU5.MI,13.727999687194824,13.727999687194824,13.661999702453613,13.697999954223633,3764
2020-08-24,CBEU5.MI,13.720000267028809,13.720000267028809,13.687999725341797,13.704000473022461,1070
2020-08-25,CBEU5.MI,13.687999725341797,13.729999542236328,13.680000305175781,13.680000305175781,9082
2020-08-26,CBEU5.MI,13.680000305175781,13.715999603271484,13.645999908447266,13.6899995803833,6333
2020-08-27,CBEU5.MI,13.71399974822998,13.715999603271484,13.680000305175781,13.692000389099121,14177
2020-08-28,CBEU5.MI,13.697999954223633,13.711999893188477,13.657999992370605,13.6899995803833,3406
2020-08-31,CBEU5.MI,13.708000183105469,13.708000183105469,13.637999534606934,13.637999534606934,1283
2020-09-01,CBEU5.MI,13.706000328063965,13.708000183105469,13.644000053405762,13.682000160217285,40659
2020-09-02,CBEU5.MI,13.699999809265137,13.746000289916992,13.687999725341797,13.723999977111816,26413
2020-09-03,CBEU5.MI,13.720000267028809,13.722000122070312,13.706000328063965,13.722000122070312,1155
2020-09-04,CBEU5.MI,13.734000205993652,13.739999771118164,13.706000328063965,13.71399974822998,4704
2020-09-07,CBEU5.MI,13.694000244140625,13.73799991607666,13.694000244140625,13.720000267028809,23305
2020-09-08,CBEU5.MI,13.708000183105469,13.746000289916992,13.692000389099121,13.729999542236328,10241
2020-09-09,CBEU5.MI,13.748000144958496,13.748000144958496,13.6899995803833,13.715999603271484,12470
2020-09-10,CBEU5.MI,13.697999954223633,13.746000289916992,13.663999557495117,13.697999954223633,73847
2020-09-11,CBEU5.MI,13.687999725341797,13.736000061035156,13.687999725341797,13.708000183105469,42363
2020-09-14,CBEU5.MI,13.748000144958496,13.748000144958496,13.687999725341797,13.715999603271484,6721
2020-09-15,CBEU5.MI,13.727999687194824,13.755999565124512,13.708000183105469,13.734000205993652,17479
2020-09-16,CBEU5.MI,13.715999603271484,13.746000289916992,13.711999893188477,13.729999542236328,3809
2020-09-17,CBEU5.MI,13.710000038146973,13.744000434875488,13.678000450134277,13.704000473022461,9267
2020-09-18,CBEU5.MI,13.732000350952148,13.732000350952148,13.673999786376953,13.72599983215332,31234
2020-09-21,CBEU5.MI,13.720000267028809,13.779999732971191,13.720000267028809,13.734000205993652,70351
2020-09-22,CBEU5.MI,13.710000038146973,13.763999938964844,13.67199993133545,13.706000328063965,4352
2020-09-23,CBEU5.MI,13.763999938964844,13.763999938964844,13.67199993133545,13.720000267028809,12704
2020-09-24,CBEU5.MI,13.758000373840332,13.758000373840332,13.645999908447266,13.748000144958496,97705
2020-09-25,CBEU5.MI,13.670000076293945,13.732000350952148,13.633999824523926,13.696000099182129,162279
2020-09-28,CBEU5.MI,13.729999542236328,13.729999542236328,13.642000198364258,13.675999641418457,133921
2020-09-29,CBEU5.MI,13.718000411987305,13.718000411987305,13.65999984741211,13.682000160217285,71868
2020-09-30,CBEU5.MI,13.711999893188477,13.723999977111816,13.673999786376953,13.708000183105469,68830
2020-10-01,CBEU5.MI,13.72599983215332,13.739999771118164,13.663999557495117,13.734000205993652,91844
2020-10-02,CBEU5.MI,13.699999809265137,13.765999794006348,13.699999809265137,13.73799991607666,3931
2020-10-05,CBEU5.MI,13.765999794006348,13.765999794006348,13.696000099182129,13.736000061035156,11092
2020-10-06,CBEU5.MI,13.744000434875488,13.763999938964844,13.720000267028809,13.741999626159668,28927
2020-10-07,CBEU5.MI,13.722000122070312,13.78600025177002,13.720000267028809,13.744000434875488,11557
2020-10-08,CBEU5.MI,13.722000122070312,13.765999794006348,13.722000122070312,13.748000144958496,14058
2020-10-09,CBEU5.MI,13.741999626159668,13.770000457763672,13.734000205993652,13.748000144958496,10516
2020-10-12,CBEU5.MI,13.734000205993652,13.776000022888184,13.734000205993652,13.753999710083008,2891
2020-10-13,CBEU5.MI,13.75,13.795999526977539,13.715999603271484,13.765999794006348,7499
2020-10-14,CBEU5.MI,13.79800033569336,13.812000274658203,13.748000144958496,13.755999565124512,48876
2020-10-15,CBEU5.MI,13.75,13.79800033569336,13.741999626159668,13.76200008392334,41217
2020-10-16,CBEU5.MI,13.722000122070312,13.793999671936035,13.722000122070312,13.767999649047852,17355
2020-10-19,CBEU5.MI,13.789999961853027,13.817999839782715,13.758000373840332,13.77400016784668,21126
2020-10-20,CBEU5.MI,13.789999961853027,13.79800033569336,13.772000312805176,13.78600025177002,5261
2020-10-21,CBEU5.MI,13.772000312805176,13.824000358581543,13.741999626159668,13.824000358581543,45029
2020-10-22,CBEU5.MI,13.793999671936035,13.79800033569336,13.763999938964844,13.784000396728516,13615
2020-10-23,CBEU5.MI,13.789999961853027,13.795999526977539,13.758000373840332,13.767999649047852,28577
2020-10-26,CBEU5.MI,13.788000106811523,13.817999839782715,13.751999855041504,13.791999816894531,227480
2020-10-27,CBEU5.MI,13.75,13.789999961853027,13.722000122070312,13.772000312805176,23806
2020-10-28,CBEU5.MI,13.758000373840332,13.789999961853027,13.739999771118164,13.76200008392334,172521
2020-10-29,CBEU5.MI,13.760000228881836,13.776000022888184,13.729999542236328,13.760000228881836,20847
2020-10-30,CBEU5.MI,13.741999626159668,13.803999900817871,13.741999626159668,13.772000312805176,41760
2020-11-02,CBEU5.MI,13.739999771118164,13.829999923706055,13.732000350952148,13.760000228881836,27575
2020-11-03,CBEU5.MI,13.784000396728516,13.8100004196167,13.751999855041504,13.779999732971191,5443
2020-11-04,CBEU5.MI,13.800000190734863,13.824000358581543,13.765999794006348,13.805999755859375,7362
2020-11-05,CBEU5.MI,13.800000190734863,13.84000015258789,13.77400016784668,13.8100004196167,11259
2020-11-06,CBEU5.MI,13.776000022888184,13.824000358581543,13.760000228881836,13.803999900817871,12162
2020-11-09,CBEU5.MI,13.821999549865723,13.843999862670898,13.8100004196167,13.821999549865723,16796
2020-11-10,CBEU5.MI,13.82800006866455,13.842000007629395,13.812000274658203,13.829999923706055,18644
2020-11-11,CBEU5.MI,13.850000381469727,13.862000465393066,13.812000274658203,13.836000442504883,12470
2020-11-12,CBEU5.MI,13.819999694824219,13.87399959564209,13.819999694824219,13.87399959564209,33605
2020-11-13,CBEU5.MI,13.850000381469727,13.868000030517578,13.819999694824219,13.829999923706055,237309
2020-11-16,CBEU5.MI,13.803999900817871,13.857999801635742,13.803999900817871,13.84000015258789,27441
2020-11-17,CBEU5.MI,13.829999923706055,13.854000091552734,13.805999755859375,13.826000213623047,12020
2020-11-18,CBEU5.MI,13.86400032043457,13.894000053405762,13.815999984741211,13.894000053405762,31250
2020-11-19,CBEU5.MI,13.890000343322754,13.890000343322754,13.824000358581543,13.836000442504883,12975
2020-11-20,CBEU5.MI,13.869999885559082,13.87399959564209,13.8100004196167,13.845999717712402,47191
2020-11-23,CBEU5.MI,13.87399959564209,13.899999618530273,13.836000442504883,13.854000091552734,25342
2020-11-24,CBEU5.MI,13.883999824523926,13.883999824523926,13.836000442504883,13.866000175476074,21312
2020-11-25,CBEU5.MI,13.850000381469727,13.87600040435791,13.850000381469727,13.86400032043457,6931
2020-11-26,CBEU5.MI,13.881999969482422,13.881999969482422,13.845999717712402,13.86400032043457,8094
2020-11-27,CBEU5.MI,13.894000053405762,13.894000053405762,13.842000007629395,13.843999862670898,15498
2020-11-30,CBEU5.MI,13.880000114440918,13.880000114440918,13.842000007629395,13.85200023651123,11412
2020-12-01,CBEU5.MI,13.869999885559082,13.904000282287598,13.836000442504883,13.904000282287598,86594
2020-12-02,CBEU5.MI,13.899999618530273,13.899999618530273,13.850000381469727,13.862000465393066,18059
2020-12-03,CBEU5.MI,13.868000030517578,13.90999984741211,13.85200023651123,13.87399959564209,20677
2020-12-04,CBEU5.MI,13.87399959564209,13.916000366210938,13.843999862670898,13.869999885559082,10165
2020-12-07,CBEU5.MI,13.859999656677246,13.925999641418457,13.859999656677246,13.887999534606934,35616
2020-12-08,CBEU5.MI,13.87600040435791,13.88599967956543,13.869999885559082,13.88599967956543,4253
2020-12-09,CBEU5.MI,13.906000137329102,13.906000137329102,13.845999717712402,13.878000259399414,10755
2020-12-10,CBEU5.MI,13.89799976348877,13.89799976348877,13.871999740600586,13.871999740600586,28027
2020-12-11,CBEU5.MI,13.887999534606934,13.887999534606934,13.86400032043457,13.869999885559082,9779
2020-12-14,CBEU5.MI,13.845999717712402,13.883999824523926,13.845999717712402,13.87399959564209,16926
2020-12-15,CBEU5.MI,13.880000114440918,13.880000114440918,13.854000091552734,13.86400032043457,127832
2020-12-16,CBEU5.MI,13.854000091552734,13.859999656677246,13.85200023651123,13.855999946594238,31271
2020-12-17,CBEU5.MI,13.868000030517578,13.868000030517578,13.854000091552734,13.859999656677246,6498
2020-12-18,CBEU5.MI,13.85200023651123,13.869999885559082,13.850000381469727,13.866000175476074,8416
2020-12-21,CBEU5.MI,13.87399959564209,13.902000427246094,13.831999778747559,13.857999801635742,13753
2020-12-22,CBEU5.MI,13.857999801635742,13.880000114440918,13.843999862670898,13.847999572753906,29412
2020-12-23,CBEU5.MI,13.862000465393066,13.862000465393066,13.838000297546387,13.847999572753906,36618
2020-12-28,CBEU5.MI,13.802000045776367,13.887999534606934,13.802000045776367,13.854000091552734,16546
2020-12-29,CBEU5.MI,13.862000465393066,13.880000114440918,13.805999755859375,13.805999755859375,124926
2020-12-30,CBEU5.MI,13.826000213623047,13.87399959564209,13.826000213623047,13.866000175476074,55572
2021-01-04,CBEU5.MI,13.878000259399414,13.880000114440918,13.829999923706055,13.855999946594238,15446
2021-01-05,CBEU5.MI,13.821999549865723,13.895999908447266,13.821999549865723,13.857999801635742,26748
2021-01-06,CBEU5.MI,13.88599967956543,13.88599967956543,13.850000381469727,13.866000175476074,14174
2021-01-07,CBEU5.MI,13.815999984741211,13.883999824523926,13.815999984741211,13.869999885559082,3437
2021-01-08,CBEU5.MI,13.833999633789062,13.892000198364258,13.833999633789062,13.871999740600586,8905
2021-01-11,CBEU5.MI,13.859999656677246,13.887999534606934,13.859999656677246,13.87600040435791,21061
2021-01-12,CBEU5.MI,13.859999656677246,13.89799976348877,13.84000015258789,13.855999946594238,15193
2021-01-13,CBEU5.MI,13.866000175476074,13.880000114440918,13.819999694824219,13.84000015258789,15367
2021-01-14,CBEU5.MI,13.836000442504883,13.859999656677246,13.82800006866455,13.854000091552734,32950
2021-01-15,CBEU5.MI,13.833999633789062,13.89799976348877,13.833999633789062,13.850000381469727,56361
2021-01-18,CBEU5.MI,13.887999534606934,13.887999534606934,13.821999549865723,13.86400032043457,36219
2021-01-19,CBEU5.MI,13.817999839782715,13.88599967956543,13.817999839782715,13.85200023651123,49166
2021-01-20,CBEU5.MI,13.836000442504883,13.878000259399414,13.815999984741211,13.838000297546387,19151
2021-01-21,CBEU5.MI,13.87600040435791,13.880000114440918,13.815999984741211,13.855999946594238,45693
2021-01-22,CBEU5.MI,13.829999923706055,13.878000259399414,13.819999694824219,13.842000007629395,34295
2021-01-25,CBEU5.MI,13.85200023651123,13.899999618530273,13.831999778747559,13.857999801635742,45215
2021-01-26,CBEU5.MI,13.84000015258789,13.883999824523926,13.84000015258789,13.854000091552734,25669
2021-01-27,CBEU5.MI,13.878000259399414,13.881999969482422,13.812000274658203,13.838000297546387,65442
2021-01-28,CBEU5.MI,13.854000091552734,13.862000465393066,13.815999984741211,13.85200023651123,16467
2021-01-29,CBEU5.MI,13.82800006866455,13.850000381469727,13.8100004196167,13.829999923706055,31480
2021-02-01,CBEU5.MI,13.824000358581543,13.824000358581543,13.78600025177002,13.817999839782715,14535
2021-02-02,CBEU5.MI,13.793999671936035,13.836000442504883,13.789999961853027,13.807999610900879,154297
2021-02-03,CBEU5.MI,13.815999984741211,13.831999778747559,13.795999526977539,13.807999610900879,18140
2021-02-04,CBEU5.MI,13.821999549865723,13.82800006866455,13.79800033569336,13.802000045776367,27395
2021-02-05,CBEU5.MI,13.800000190734863,13.819999694824219,13.795999526977539,13.819999694824219,17978
2021-02-08,CBEU5.MI,13.800000190734863,13.824000358581543,13.781999588012695,13.8100004196167,181989
2021-02-09,CBEU5.MI,13.79800033569336,13.821999549865723,13.79800033569336,13.807999610900879,12446
2021-02-10,CBEU5.MI,13.803999900817871,13.819999694824219,13.800000190734863,13.8100004196167,6382
2021-02-11,CBEU5.MI,13.8100004196167,13.84000015258789,13.805999755859375,13.821999549865723,30134
2021-02-12,CBEU5.MI,13.807999610900879,13.84000015258789,13.803999900817871,13.8100004196167,46015
2021-02-15,CBEU5.MI,13.807999610900879,13.833999633789062,13.795999526977539,13.795999526977539,117871
2021-02-16,CBEU5.MI,13.800000190734863,13.829999923706055,13.795999526977539,13.803999900817871,69449
2021-02-17,CBEU5.MI,13.802000045776367,13.8100004196167,13.79800033569336,13.805999755859375,109528
2021-02-18,CBEU5.MI,13.831999778747559,13.833999633789062,13.776000022888184,13.800000190734863,155724
2021-02-19,CBEU5.MI,13.802000045776367,13.802000045776367,13.784000396728516,13.795999526977539,61720
2021-02-22,CBEU5.MI,13.788000106811523,13.814000129699707,13.781999588012695,13.802000045776367,92172
2021-02-23,CBEU5.MI,13.795999526977539,13.800000190734863,13.779999732971191,13.788000106811523,29700
2021-02-24,CBEU5.MI,13.805999755859375,13.8100004196167,13.78600025177002,13.803999900817871,57338
2021-02-25,CBEU5.MI,13.8100004196167,13.814000129699707,13.776000022888184,13.779999732971191,42249
2021-02-26,CBEU5.MI,13.776000022888184,13.789999961853027,13.76200008392334,13.772000312805176,9751
2021-03-01,CBEU5.MI,13.793999671936035,13.802000045776367,13.781999588012695,13.789999961853027,38064
2021-03-02,CBEU5.MI,13.803999900817871,13.805999755859375,13.789999961853027,13.805999755859375,23595
2021-03-03,CBEU5.MI,13.8100004196167,13.8100004196167,13.791999816894531,13.795999526977539,6584
2021-03-04,CBEU5.MI,13.79800033569336,13.814000129699707,13.791999816894531,13.805999755859375,28666
2021-03-05,CBEU5.MI,13.800000190734863,13.802000045776367,13.789999961853027,13.793999671936035,28940
2021-03-08,CBEU5.MI,13.795999526977539,13.795999526977539,13.789999961853027,13.791999816894531,33385
2021-03-09,CBEU5.MI,13.791999816894531,13.800000190734863,13.791999816894531,13.793999671936035,9571
2021-03-10,CBEU5.MI,13.807999610900879,13.8100004196167,13.781999588012695,13.789999961853027,13749
2021-03-11,CBEU5.MI,13.788000106811523,13.807999610900879,13.781999588012695,13.795999526977539,69958
2021-03-12,CBEU5.MI,13.802000045776367,13.807999610900879,13.789999961853027,13.795999526977539,26199
2021-03-15,CBEU5.MI,13.803999900817871,13.807999610900879,13.788000106811523,13.79800033569336,19259
2021-03-16,CBEU5.MI,13.788000106811523,13.8100004196167,13.788000106811523,13.800000190734863,5637
2021-03-17,CBEU5.MI,13.788000106811523,13.817999839782715,13.784000396728516,13.791999816894531,36713
2021-03-18,CBEU5.MI,13.791999816894531,13.791999816894531,13.779999732971191,13.78600025177002,22043
2021-03-19,CBEU5.MI,13.793999671936035,13.807999610900879,13.781999588012695,13.795999526977539,76687
2021-03-22,CBEU5.MI,13.791999816894531,13.812000274658203,13.789999961853027,13.800000190734863,4941
2021-03-23,CBEU5.MI,13.812000274658203,13.821999549865723,13.802000045776367,13.805999755859375,36409
2021-03-24,CBEU5.MI,13.824000358581543,13.824000358581543,13.791999816894531,13.805999755859375,7944
2021-03-25,CBEU5.MI,13.826000213623047,13.826000213623047,13.805999755859375,13.812000274658203,4966
2021-03-26,CBEU5.MI,13.817999839782715,13.824000358581543,13.802000045776367,13.8100004196167,13064
2021-03-29,CBEU5.MI,13.817999839782715,13.819999694824219,13.800000190734863,13.800000190734863,3805
2021-03-30,CBEU5.MI,13.815999984741211,13.815999984741211,13.789999961853027,13.79800033569336,5387
2021-03-31,CBEU5.MI,13.812000274658203,13.831999778747559,13.79800033569336,13.821999549865723,12890
2021-04-01,CBEU5.MI,13.826000213623047,13.842000007629395,13.819999694824219,13.831999778747559,8345
2021-04-06,CBEU5.MI,13.838000297546387,13.845999717712402,13.819999694824219,13.829999923706055,5404
2021-04-07,CBEU5.MI,13.831999778747559,13.847999572753906,13.819999694824219,13.82800006866455,20710
2021-04-08,CBEU5.MI,13.838000297546387,13.847999572753906,13.814000129699707,13.836000442504883,23781
2021-04-09,CBEU5.MI,13.838000297546387,13.838000297546387,13.819999694824219,13.82800006866455,10257
2021-04-12,CBEU5.MI,13.826000213623047,13.854000091552734,13.817999839782715,13.826000213623047,29494
2021-04-13,CBEU5.MI,13.815999984741211,13.831999778747559,13.814000129699707,13.819999694824219,13146
2021-04-14,CBEU5.MI,13.82800006866455,13.82800006866455,13.812000274658203,13.819999694824219,9586
2021-04-15,CBEU5.MI,13.793999671936035,13.84000015258789,13.793999671936035,13.82800006866455,20061
2021-04-16,CBEU5.MI,13.814000129699707,13.838000297546387,13.812000274658203,13.826000213623047,16837
2021-04-19,CBEU5.MI,13.842000007629395,13.842000007629395,13.805999755859375,13.819999694824219,15978
2021-04-20,CBEU5.MI,13.836000442504883,13.836000442504883,13.805999755859375,13.819999694824219,13020
2021-04-21,CBEU5.MI,13.815999984741211,13.854000091552734,13.812000274658203,13.82800006866455,39173
2021-04-22,CBEU5.MI,13.84000015258789,13.84000015258789,13.819999694824219,13.831999778747559,10373
2021-04-23,CBEU5.MI,13.845999717712402,13.845999717712402,13.815999984741211,13.829999923706055,4364
2021-04-26,CBEU5.MI,13.831999778747559,13.833999633789062,13.805999755859375,13.824000358581543,24731
2021-04-27,CBEU5.MI,13.8100004196167,13.833999633789062,13.803999900817871,13.815999984741211,48806
2021-04-28,CBEU5.MI,13.829999923706055,13.831999778747559,13.803999900817871,13.817999839782715,24175
2021-04-29,CBEU5.MI,13.826000213623047,13.831999778747559,13.805999755859375,13.805999755859375,6472
2021-04-30,CBEU5.MI,13.831999778747559,13.847999572753906,13.814000129699707,13.826000213623047,8808
2021-05-03,CBEU5.MI,13.838000297546387,13.842000007629395,13.812000274658203,13.826000213623047,2638
2021-05-04,CBEU5.MI,13.838000297546387,13.842000007629395,13.812000274658203,13.829999923706055,5147
2021-05-05,CBEU5.MI,13.807999610900879,13.847999572753906,13.807999610900879,13.824000358581543,7913
2021-05-06,CBEU5.MI,13.821999549865723,13.85200023651123,13.8100004196167,13.831999778747559,4250
2021-05-07,CBEU5.MI,13.8100004196167,13.847999572753906,13.807999610900879,13.831999778747559,18285
2021-05-10,CBEU5.MI,13.843999862670898,13.843999862670898,13.815999984741211,13.831999778747559,15782
2021-05-11,CBEU5.MI,13.814000129699707,13.85200023651123,13.803999900817871,13.819999694824219,12341
2021-05-12,CBEU5.MI,13.821999549865723,13.836000442504883,13.800000190734863,13.817999839782715,6957
2021-05-13,CBEU5.MI,13.791999816894531,13.802000045776367,13.789999961853027,13.789999961853027,16686
2021-05-14,CBEU5.MI,13.800000190734863,13.807999610900879,13.791999816894531,13.802000045776367,5025
2021-05-17,CBEU5.MI,13.8100004196167,13.8100004196167,13.789999961853027,13.803999900817871,25579
2021-05-18,CBEU5.MI,13.803999900817871,13.815999984741211,13.789999961853027,13.805999755859375,25654
2021-05-19,CBEU5.MI,13.789999961853027,13.8100004196167,13.765999794006348,13.79800033569336,22269
2021-05-20,CBEU5.MI,13.784000396728516,13.803999900817871,13.776000022888184,13.793999671936035,9377
2021-05-21,CBEU5.MI,13.79800033569336,13.800000190734863,13.777999877929688,13.795999526977539,11564
2021-05-24,CBEU5.MI,13.776000022888184,13.814000129699707,13.776000022888184,13.784000396728516,21376
2021-05-25,CBEU5.MI,13.814000129699707,13.817999839782715,13.784000396728516,13.803999900817871,16976
2021-05-26,CBEU5.MI,13.777999877929688,13.819999694824219,13.777999877929688,13.805999755859375,66054
2021-05-27,CBEU5.MI,13.79800033569336,13.815999984741211,13.789999961853027,13.800000190734863,16783
2021-05-28,CBEU5.MI,13.8100004196167,13.82800006866455,13.79800033569336,13.824000358581543,27047
2021-05-31,CBEU5.MI,13.821999549865723,13.82800006866455,13.802000045776367,13.815999984741211,20159
2021-06-01,CBEU5.MI,13.812000274658203,13.826000213623047,13.803999900817871,13.821999549865723,8378
2021-06-02,CBEU5.MI,13.815999984741211,13.817999839782715,13.802000045776367,13.815999984741211,13900
2021-06-03,CBEU5.MI,13.819999694824219,13.826000213623047,13.812000274658203,13.815999984741211,6890
2021-06-04,CBEU5.MI,13.819999694824219,13.829999923706055,13.8100004196167,13.824000358581543,8815
2021-06-07,CBEU5.MI,13.843999862670898,13.843999862670898,13.814000129699707,13.821999549865723,23108
2021-06-08,CBEU5.MI,13.819999694824219,13.833999633789062,13.819999694824219,13.833999633789062,7820
2021-06-09,CBEU5.MI,13.845999717712402,13.845999717712402,13.817999839782715,13.838000297546387,4920
2021-06-10,CBEU5.MI,13.842000007629395,13.857999801635742,13.829999923706055,13.857999801635742,8916
2021-06-11,CBEU5.MI,13.845999717712402,13.857999801635742,13.819999694824219,13.819999694824219,14041
2021-06-14,CBEU5.MI,13.859999656677246,13.866000175476074,13.82800006866455,13.86400032043457,19967
2021-06-15,CBEU5.MI,13.800000190734863,13.847999572753906,13.800000190734863,13.836000442504883,3913
2021-06-16,CBEU5.MI,13.82800006866455,13.843999862670898,13.821999549865723,13.831999778747559,6076
2021-06-17,CBEU5.MI,13.814000129699707,13.850000381469727,13.814000129699707,13.829999923706055,5577
2021-06-18,CBEU5.MI,13.8100004196167,13.845999717712402,13.8100004196167,13.826000213623047,4341
2021-06-21,CBEU5.MI,13.831999778747559,13.838000297546387,13.805999755859375,13.821999549865723,21714
2021-06-22,CBEU5.MI,13.826000213623047,13.831999778747559,13.800000190734863,13.815999984741211,13983
2021-06-23,CBEU5.MI,13.805999755859375,13.82800006866455,13.803999900817871,13.819999694824219,7474
2021-06-24,CBEU5.MI,13.824000358581543,13.838000297546387,13.802000045776367,13.819999694824219,15328
2021-06-25,CBEU5.MI,13.805999755859375,13.826000213623047,13.805999755859375,13.815999984741211,5437
2021-06-28,CBEU5.MI,13.803999900817871,13.826000213623047,13.803999900817871,13.817999839782715,16413
2021-06-29,CBEU5.MI,13.807999610900879,13.826000213623047,13.802000045776367,13.817999839782715,10080
2021-06-30,CBEU5.MI,13.829999923706055,13.833999633789062,13.814000129699707,13.826000213623047,22475
2021-07-01,CBEU5.MI,13.84000015258789,13.845999717712402,13.819999694824219,13.829999923706055,32458
2021-07-02,CBEU5.MI,13.855999946594238,13.855999946594238,13.829999923706055,13.838000297546387,6654
2021-07-05,CBEU5.MI,13.845999717712402,13.845999717712402,13.829999923706055,13.838000297546387,4234
2021-07-06,CBEU5.MI,13.836000442504883,13.859999656677246,13.831999778747559,13.850000381469727,41358
2021-07-07,CBEU5.MI,13.845999717712402,13.859999656677246,13.845999717712402,13.859999656677246,70401
2021-07-08,CBEU5.MI,13.86400032043457,13.871999740600586,13.84000015258789,13.857999801635742,45015
2021-07-09,CBEU5.MI,13.842000007629395,13.868000030517578,13.842000007629395,13.862000465393066,11599
2021-07-12,CBEU5.MI,13.869999885559082,13.87399959564209,13.854000091552734,13.859999656677246,6933
2021-07-13,CBEU5.MI,13.87600040435791,13.87600040435791,13.842000007629395,13.855999946594238,6603
2021-07-14,CBEU5.MI,13.890000343322754,13.890000343322754,13.847999572753906,13.855999946594238,38762
2021-07-15,CBEU5.MI,13.869999885559082,13.880000114440918,13.859999656677246,13.86400032043457,4934
2021-07-16,CBEU5.MI,13.86400032043457,13.87399959564209,13.859999656677246,13.871999740600586,6854
2021-07-19,CBEU5.MI,13.904000282287598,13.904000282287598,13.850000381469727,13.866000175476074,35788
2021-07-20,CBEU5.MI,13.84000015258789,13.887999534606934,13.84000015258789,13.880000114440918,13194
2021-07-21,CBEU5.MI,13.866000175476074,13.88599967956543,13.866000175476074,13.878000259399414,9807
2021-07-22,CBEU5.MI,13.883999824523926,13.883999824523926,13.86400032043457,13.87399959564209,3259
2021-07-23,CBEU5.MI,13.869999885559082,13.892000198364258,13.869999885559082,13.880000114440918,2463
2021-07-26,CBEU5.MI,13.899999618530273,13.902000427246094,13.878000259399414,13.887999534606934,10452
2021-07-27,CBEU5.MI,13.87600040435791,13.906000137329102,13.871999740600586,13.883999824523926,5256
2021-07-28,CBEU5.MI,13.887999534606934,13.907999992370605,13.88599967956543,13.892000198364258,6506
2021-07-29,CBEU5.MI,13.892000198364258,13.90999984741211,13.887999534606934,13.887999534606934,2813
2021-07-30,CBEU5.MI,13.907999992370605,13.907999992370605,13.883999824523926,13.88599967956543,4725
2021-08-02,CBEU5.MI,13.845999717712402,13.87600040435791,13.845999717712402,13.871999740600586,17779
2021-08-03,CBEU5.MI,13.868000030517578,13.87600040435791,13.859999656677246,13.869999885559082,19632
2021-08-04,CBEU5.MI,13.871999740600586,13.881999969482422,13.866000175476074,13.866000175476074,37832
2021-08-05,CBEU5.MI,13.869999885559082,13.887999534606934,13.854000091552734,13.854000091552734,28932
2021-08-06,CBEU5.MI,13.855999946594238,13.883999824523926,13.855999946594238,13.866000175476074,5996
2021-08-09,CBEU5.MI,13.894000053405762,13.894000053405762,13.859999656677246,13.87399959564209,11532
2021-08-10,CBEU5.MI,13.878000259399414,13.881999969482422,13.842000007629395,13.868000030517578,18173
2021-08-11,CBEU5.MI,13.868000030517578,13.878000259399414,13.85200023651123,13.869999885559082,1175
2021-08-12,CBEU5.MI,13.87399959564209,13.87399959564209,13.850000381469727,13.859999656677246,33176
2021-08-13,CBEU5.MI,13.854000091552734,13.862000465393066,13.843999862670898,13.845999717712402,17673
2021-08-16,CBEU5.MI,13.850000381469727,13.871999740600586,13.850000381469727,13.862000465393066,10861
2021-08-17,CBEU5.MI,13.847999572753906,13.869999885559082,13.847999572753906,13.862000465393066,1604
2021-08-18,CBEU5.MI,13.85200023651123,13.869999885559082,13.847999572753906,13.857999801635742,9026
2021-08-19,CBEU5.MI,13.850000381469727,13.855999946594238,13.850000381469727,13.855999946594238,604
2021-08-20,CBEU5.MI,13.869999885559082,13.869999885559082,13.855999946594238,13.855999946594238,5435
2021-08-23,CBEU5.MI,13.84000015258789,13.862000465393066,13.84000015258789,13.857999801635742,11169
2021-08-24,CBEU5.MI,13.855999946594238,13.855999946594238,13.845999717712402,13.85200023651123,12593
2021-08-25,CBEU5.MI,13.862000465393066,13.862000465393066,13.831999778747559,13.842000007629395,2935
2021-08-26,CBEU5.MI,13.829999923706055,13.842000007629395,13.82800006866455,13.82800006866455,1744
2021-08-27,CBEU5.MI,13.833999633789062,13.845999717712402,13.831999778747559,13.831999778747559,18239
2021-08-30,CBEU5.MI,13.854000091552734,13.854000091552734,13.829999923706055,13.84000015258789,601
2021-08-31,CBEU5.MI,13.855999946594238,13.855999946594238,13.829999923706055,13.84000015258789,5915
2021-09-01,CBEU5.MI,13.87399959564209,13.87399959564209,13.831999778747559,13.833999633789062,12196
2021-09-02,CBEU5.MI,13.843999862670898,13.847999572753906,13.833999633789062,13.842000007629395,5408
2021-09-03,CBEU5.MI,13.854000091552734,13.854000091552734,13.829999923706055,13.829999923706055,7385
2021-09-06,CBEU5.MI,13.814000129699707,13.829999923706055,13.814000129699707,13.824000358581543,1089
2021-09-07,CBEU5.MI,13.831999778747559,13.831999778747559,13.8100004196167,13.824000358581543,2313
2021-09-08,CBEU5.MI,13.829999923706055,13.829999923706055,13.8100004196167,13.8100004196167,8639
2021-09-09,CBEU5.MI,13.826000213623047,13.84000015258789,13.803999900817871,13.829999923706055,6931
2021-09-10,CBEU5.MI,13.815999984741211,13.831999778747559,13.800000190734863,13.82800006866455,59065
2021-09-13,CBEU5.MI,13.812000274658203,13.831999778747559,13.812000274658203,13.824000358581543,5112
2021-09-14,CBEU5.MI,13.819999694824219,13.831999778747559,13.8100004196167,13.82800006866455,8697
2021-09-15,CBEU5.MI,13.84000015258789,13.84000015258789,13.815999984741211,13.829999923706055,4850
2021-09-16,CBEU5.MI,13.833999633789062,13.842000007629395,13.814000129699707,13.82800006866455,5164
2021-09-17,CBEU5.MI,13.838000297546387,13.838000297546387,13.817999839782715,13.821999549865723,2133
2021-09-20,CBEU5.MI,13.812000274658203,13.831999778747559,13.812000274658203,13.824000358581543,1689
2021-09-21,CBEU5.MI,13.821999549865723,13.84000015258789,13.821999549865723,13.829999923706055,20530
2021-09-22,CBEU5.MI,13.843999862670898,13.843999862670898,13.833999633789062,13.838000297546387,22720
2021-09-23,CBEU5.MI,13.829999923706055,13.831999778747559,13.8100004196167,13.812000274658203,62300
2021-09-24,CBEU5.MI,13.807999610900879,13.815999984741211,13.802000045776367,13.8100004196167,23444
2021-09-27,CBEU5.MI,13.815999984741211,13.815999984741211,13.79800033569336,13.814000129699707,16006
2021-09-28,CBEU5.MI,13.789999961853027,13.803999900817871,13.789999961853027,13.802000045776367,62445
2021-09-29,CBEU5.MI,13.824000358581543,13.824000358581543,13.788000106811523,13.812000274658203,3863
2021-09-30,CBEU5.MI,13.8100004196167,13.817999839782715,13.800000190734863,13.807999610900879,2404
2021-10-01,CBEU5.MI,13.82800006866455,13.82800006866455,13.795999526977539,13.817999839782715,63107
2021-10-04,CBEU5.MI,13.819999694824219,13.819999694824219,13.800000190734863,13.8100004196167,22374
2021-10-05,CBEU5.MI,13.800000190734863,13.817999839782715,13.800000190734863,13.805999755859375,8783
2021-10-06,CBEU5.MI,13.803999900817871,13.807999610900879,13.777999877929688,13.807999610900879,7124
2021-10-07,CBEU5.MI,13.807999610900879,13.812000274658203,13.800000190734863,13.803999900817871,23451
2021-10-08,CBEU5.MI,13.802000045776367,13.805999755859375,13.789999961853027,13.791999816894531,3700
2021-10-11,CBEU5.MI,13.765999794006348,13.781999588012695,13.760000228881836,13.776000022888184,1486
2021-10-12,CBEU5.MI,13.793999671936035,13.793999671936035,13.767999649047852,13.767999649047852,10300
2021-10-13,CBEU5.MI,13.770000457763672,13.77400016784668,13.760000228881836,13.770000457763672,7318
2021-10-14,CBEU5.MI,13.77400016784668,13.788000106811523,13.767999649047852,13.788000106811523,16085
2021-10-15,CBEU5.MI,13.802000045776367,13.802000045776367,13.781999588012695,13.788000106811523,23696
2021-10-18,CBEU5.MI,13.776000022888184,13.776000022888184,13.755999565124512,13.760000228881836,4791
2021-10-19,CBEU5.MI,13.767999649047852,13.776000022888184,13.744000434875488,13.758000373840332,67817
2021-10-20,CBEU5.MI,13.789999961853027,13.789999961853027,13.755999565124512,13.765999794006348,25191
2021-10-21,CBEU5.MI,13.772000312805176,13.772000312805176,13.748000144958496,13.753999710083008,7072
2021-10-22,CBEU5.MI,13.760000228881836,13.760000228881836,13.744000434875488,13.751999855041504,35822
2021-10-25,CBEU5.MI,13.744000434875488,13.765999794006348,13.744000434875488,13.763999938964844,7483
2021-10-26,CBEU5.MI,13.732000350952148,13.776000022888184,13.732000350952148,13.765999794006348,3489
2021-10-27,CBEU5.MI,13.755999565124512,13.777999877929688,13.755999565124512,13.767999649047852,32154
2021-10-28,CBEU5.MI,13.748000144958496,13.763999938964844,13.732000350952148,13.755999565124512,2340
2021-10-29,CBEU5.MI,13.739999771118164,13.75,13.727999687194824,13.727999687194824,2592
2021-11-01,CBEU5.MI,13.746000289916992,13.746000289916992,13.729999542236328,13.73799991607666,118
2021-11-02,CBEU5.MI,13.753999710083008,13.770000457763672,13.744000434875488,13.765999794006348,65886
2021-11-03,CBEU5.MI,13.777999877929688,13.777999877929688,13.760000228881836,13.765999794006348,5713
2021-11-04,CBEU5.MI,13.781999588012695,13.805999755859375,13.772000312805176,13.795999526977539,6268
2021-11-05,CBEU5.MI,13.77400016784668,13.8100004196167,13.77400016784668,13.8100004196167,2167
2021-11-08,CBEU5.MI,13.815999984741211,13.815999984741211,13.800000190734863,13.802000045776367,15879
2021-11-09,CBEU5.MI,13.807999610900879,13.8100004196167,13.795999526977539,13.807999610900879,5656
2021-11-10,CBEU5.MI,13.814000129699707,13.814000129699707,13.789999961853027,13.789999961853027,13053
2021-11-11,CBEU5.MI,13.77400016784668,13.800000190734863,13.77400016784668,13.784000396728516,32104
2021-11-12,CBEU5.MI,13.789999961853027,13.795999526977539,13.781999588012695,13.789999961853027,25765
2021-11-15,CBEU5.MI,13.777999877929688,13.793999671936035,13.770000457763672,13.770000457763672,23498
2021-11-16,CBEU5.MI,13.758000373840332,13.77400016784668,13.758000373840332,13.765999794006348,7339
2021-11-17,CBEU5.MI,13.770000457763672,13.770000457763672,13.75,13.758000373840332,18570
2021-11-18,CBEU5.MI,13.755999565124512,13.779999732971191,13.753999710083008,13.777999877929688,94639
2021-11-19,CBEU5.MI,13.789999961853027,13.800000190734863,13.781999588012695,13.793999671936035,11110
2021-11-22,CBEU5.MI,13.791999816894531,13.805999755859375,13.784000396728516,13.784000396728516,3477
2021-11-23,CBEU5.MI,13.767999649047852,13.770000457763672,13.758000373840332,13.758000373840332,12648
2021-11-24,CBEU5.MI,13.776000022888184,13.777999877929688,13.748000144958496,13.751999855041504,28007
2021-11-25,CBEU5.MI,13.751999855041504,13.758000373840332,13.741999626159668,13.748000144958496,10374
2021-11-26,CBEU5.MI,13.72599983215332,13.732000350952148,13.711999893188477,13.72599983215332,48433
2021-11-29,CBEU5.MI,13.72599983215332,13.73799991607666,13.72599983215332,13.73799991607666,2323
2021-11-30,CBEU5.MI,13.744000434875488,13.746000289916992,13.729999542236328,13.739999771118164,6235
2021-12-01,CBEU5.MI,13.739999771118164,13.760000228881836,13.73799991607666,13.753999710083008,21573
2021-12-02,CBEU5.MI,13.758000373840332,13.770000457763672,13.755999565124512,13.760000228881836,7827
2021-12-03,CBEU5.MI,13.746000289916992,13.776000022888184,13.746000289916992,13.770000457763672,28274
2021-12-06,CBEU5.MI,13.781999588012695,13.781999588012695,13.760000228881836,13.770000457763672,7245
2021-12-07,CBEU5.MI,13.788000106811523,13.788000106811523,13.765999794006348,13.779999732971191,9591
2021-12-08,CBEU5.MI,13.793999671936035,13.8100004196167,13.760000228881836,13.760000228881836,78
2021-12-09,CBEU5.MI,13.763999938964844,13.78600025177002,13.763999938964844,13.78600025177002,14942
2021-12-10,CBEU5.MI,13.767999649047852,13.777999877929688,13.76200008392334,13.77400016784668,19804
2021-12-13,CBEU5.MI,13.765999794006348,13.781999588012695,13.76200008392334,13.777999877929688,2297
2021-12-14,CBEU5.MI,13.770000457763672,13.784000396728516,13.763999938964844,13.772000312805176,14449
2021-12-15,CBEU5.MI,13.779999732971191,13.779999732971191,13.765999794006348,13.776000022888184,2150
2021-12-16,CBEU5.MI,13.79800033569336,13.79800033569336,13.765999794006348,13.779999732971191,4546
2021-12-17,CBEU5.MI,13.777999877929688,13.8100004196167,13.77400016784668,13.791999816894531,38867
2021-12-20,CBEU5.MI,13.78600025177002,13.800000190734863,13.78600025177002,13.793999671936035,3542
2021-12-21,CBEU5.MI,13.800000190734863,13.800000190734863,13.784000396728516,13.788000106811523,4893
2021-12-22,CBEU5.MI,13.784000396728516,13.78600025177002,13.767999649047852,13.779999732971191,5959
2021-12-23,CBEU5.MI,13.772000312805176,13.781999588012695,13.763999938964844,13.772000312805176,14680
2021-12-27,CBEU5.MI,13.763999938964844,13.788000106811523,13.75,13.758000373840332,4699
2021-12-28,CBEU5.MI,13.746000289916992,13.763999938964844,13.741999626159668,13.753999710083008,74515
2021-12-29,CBEU5.MI,13.770000457763672,13.772000312805176,13.720000267028809,13.720000267028809,3226
2021-12-30,CBEU5.MI,13.765999794006348,13.765999794006348,13.75,13.758000373840332,1599
2022-01-03,CBEU5.MI,13.75,13.765999794006348,13.722000122070312,13.755999565124512,8234
2022-01-04,CBEU5.MI,13.760000228881836,13.772000312805176,13.739999771118164,13.75,7845
2022-01-05,CBEU5.MI,13.748000144958496,13.748000144958496,13.73799991607666,13.744000434875488,21948
2022-01-06,CBEU5.MI,13.734000205993652,13.734000205993652,13.720000267028809,13.727999687194824,2374
2022-01-07,CBEU5.MI,13.72599983215332,13.72599983215332,13.70199966430664,13.715999603271484,8941
2022-01-10,CBEU5.MI,13.723999977111816,13.73799991607666,13.699999809265137,13.704000473022461,20668
2022-01-11,CBEU5.MI,13.71399974822998,13.720000267028809,13.687999725341797,13.708000183105469,83735
2022-01-12,CBEU5.MI,13.680000305175781,13.729999542236328,13.680000305175781,13.710000038146973,9270
2022-01-13,CBEU5.MI,13.741999626159668,13.741999626159668,13.697999954223633,13.711999893188477,17214
2022-01-14,CBEU5.MI,13.708000183105469,13.708000183105469,13.694000244140625,13.70199966430664,8323
2022-01-17,CBEU5.MI,13.729999542236328,13.729999542236328,13.684000015258789,13.687999725341797,27237
2022-01-18,CBEU5.MI,13.65999984741211,13.694000244140625,13.652000427246094,13.685999870300293,14557
2022-01-19,CBEU5.MI,13.668000221252441,13.699999809265137,13.663999557495117,13.692000389099121,22892
2022-01-20,CBEU5.MI,13.694000244140625,13.699999809265137,13.684000015258789,13.694000244140625,5237
2022-01-21,CBEU5.MI,13.715999603271484,13.72599983215332,13.687999725341797,13.699999809265137,35681
2022-01-24,CBEU5.MI,13.70199966430664,13.720000267028809,13.682000160217285,13.70199966430664,13399
2022-01-25,CBEU5.MI,13.729999542236328,13.729999542236328,13.680000305175781,13.696000099182129,5192
2022-01-26,CBEU5.MI,13.704000473022461,13.722000122070312,13.697999954223633,13.706000328063965,28592
2022-01-27,CBEU5.MI,13.697999954223633,13.71399974822998,13.668000221252441,13.692000389099121,46339
2022-01-28,CBEU5.MI,13.673999786376953,13.694000244140625,13.661999702453613,13.678000450134277,3722
2022-01-31,CBEU5.MI,13.673999786376953,13.675999641418457,13.61400032043457,13.642000198364258,17202
2022-02-01,CBEU5.MI,13.63599967956543,13.644000053405762,13.618000030517578,13.62399959564209,37603
2022-02-02,CBEU5.MI,13.640000343322754,13.640000343322754,13.604000091552734,13.618000030517578,23932
2022-02-03,CBEU5.MI,13.618000030517578,13.618000030517578,13.538000106811523,13.538000106811523,8351
2022-02-04,CBEU5.MI,13.501999855041504,13.501999855041504,13.423999786376953,13.496000289916992,23742
2022-02-07,CBEU5.MI,13.449999809265137,13.458000183105469,13.380000114440918,13.425999641418457,32969
2022-02-08,CBEU5.MI,13.420000076293945,13.468000411987305,13.411999702453613,13.456000328063965,25393
2022-02-09,CBEU5.MI,13.479999542236328,13.491999626159668,13.472000122070312,13.484000205993652,10940
2022-02-10,CBEU5.MI,13.47599983215332,13.48799991607666,13.449999809265137,13.449999809265137,27714
2022-02-11,CBEU5.MI,13.456000328063965,13.468000411987305,13.442000389099121,13.449999809265137,28887
2022-02-14,CBEU5.MI,13.458000183105469,13.465999603271484,13.420000076293945,13.420000076293945,22819
2022-02-15,CBEU5.MI,13.442000389099121,13.446000099182129,13.423999786376953,13.437999725341797,66715
2022-02-16,CBEU5.MI,13.444000244140625,13.449999809265137,13.430000305175781,13.444000244140625,7389
2022-02-17,CBEU5.MI,13.446000099182129,13.45199966430664,13.432000160217285,13.45199966430664,10070
2022-02-18,CBEU5.MI,13.458000183105469,13.468000411987305,13.454000473022461,13.460000038146973,7684
2022-02-21,CBEU5.MI,13.470000267028809,13.470000267028809,13.425999641418457,13.45199966430664,12126
2022-02-22,CBEU5.MI,13.444000244140625,13.444000244140625,13.399999618530273,13.423999786376953,11084
2022-02-23,CBEU5.MI,13.432000160217285,13.442000389099121,13.392000198364258,13.392000198364258,16480
2022-02-24,CBEU5.MI,13.418000221252441,13.418000221252441,13.359999656677246,13.395999908447266,20993
2022-02-25,CBEU5.MI,13.392000198364258,13.42199993133545,13.390000343322754,13.406000137329102,1345
2022-02-28,CBEU5.MI,13.406000137329102,13.432000160217285,13.38599967956543,13.432000160217285,2323
2022-03-01,CBEU5.MI,13.473999977111816,13.51200008392334,13.465999603271484,13.501999855041504,3224
2022-03-02,CBEU5.MI,13.484000205993652,13.505999565124512,13.468000411987305,13.491999626159668,18813
2022-03-03,CBEU5.MI,13.510000228881836,13.510000228881836,13.460000038146973,13.486000061035156,3383
2022-03-04,CBEU5.MI,13.48799991607666,13.522000312805176,13.47599983215332,13.5,30441
2022-03-07,CBEU5.MI,13.435999870300293,13.435999870300293,13.404000282287598,13.423999786376953,1160
2022-03-08,CBEU5.MI,13.381999969482422,13.432000160217285,13.371999740600586,13.371999740600586,30054
2022-03-09,CBEU5.MI,13.378000259399414,13.402000427246094,13.371999740600586,13.39799976348877,63531
2022-03-10,CBEU5.MI,13.390000343322754,13.418000221252441,13.303999900817871,13.329999923706055,17291
2022-03-11,CBEU5.MI,13.355999946594238,13.357999801635742,13.3100004196167,13.347999572753906,25573
2022-03-14,CBEU5.MI,13.317999839782715,13.324000358581543,13.303999900817871,13.319999694824219,5041
2022-03-15,CBEU5.MI,13.326000213623047,13.342000007629395,13.3100004196167,13.331999778747559,35733
2022-03-16,CBEU5.MI,13.315999984741211,13.35200023651123,13.315999984741211,13.342000007629395,20863
2022-03-17,CBEU5.MI,13.324000358581543,13.37399959564209,13.324000358581543,13.368000030517578,5222
2022-03-18,CBEU5.MI,13.380000114440918,13.387999534606934,13.345999717712402,13.362000465393066,14058
2022-03-21,CBEU5.MI,13.37600040435791,13.37600040435791,13.336000442504883,13.347999572753906,21286
2022-03-22,CBEU5.MI,13.312000274658203,13.345999717712402,13.305999755859375,13.329999923706055,32441
2022-03-23,CBEU5.MI,13.321999549865723,13.35200023651123,13.314000129699707,13.333999633789062,44705
2022-03-24,CBEU5.MI,13.312000274658203,13.324000358581543,13.312000274658203,13.321999549865723,7818
2022-03-25,CBEU5.MI,13.342000007629395,13.342000007629395,13.279999732971191,13.279999732971191,4151
2022-03-28,CBEU5.MI,13.295999526977539,13.3100004196167,13.279999732971191,13.29800033569336,3396
2022-03-29,CBEU5.MI,13.303999900817871,13.315999984741211,13.281999588012695,13.312000274658203,16385
2022-03-30,CBEU5.MI,13.302000045776367,13.315999984741211,13.27400016784668,13.284000396728516,28805
2022-03-31,CBEU5.MI,13.241999626159668,13.317999839782715,13.241999626159668,13.3100004196167,88272
2022-04-01,CBEU5.MI,13.279999732971191,13.324000358581543,13.279999732971191,13.317999839782715,10805
2022-04-04,CBEU5.MI,13.342000007629395,13.345999717712402,13.300000190734863,13.32800006866455,3816
2022-04-05,CBEU5.MI,13.28600025177002,13.329999923706055,13.277999877929688,13.277999877929688,4312
2022-04-06,CBEU5.MI,13.281999588012695,13.281999588012695,13.260000228881836,13.267999649047852,3184
2022-04-07,CBEU5.MI,13.295999526977539,13.307999610900879,13.253999710083008,13.26200008392334,32334
2022-04-08,CBEU5.MI,13.276000022888184,13.276000022888184,13.248000144958496,13.253999710083008,16121
2022-04-11,CBEU5.MI,13.215999603271484,13.236000061035156,13.199999809265137,13.215999603271484,41364
2022-04-12,CBEU5.MI,13.208000183105469,13.22599983215332,13.166000366210938,13.215999603271484,56753
2022-04-13,CBEU5.MI,13.1899995803833,13.223999977111816,13.1899995803833,13.218000411987305,24175
2022-04-14,CBEU5.MI,13.21399974822998,13.241999626159668,13.211999893188477,13.222000122070312,7853
2022-04-19,CBEU5.MI,13.234000205993652,13.234000205993652,13.178000450134277,13.178000450134277,5294
2022-04-20,CBEU5.MI,13.194000244140625,13.227999687194824,13.194000244140625,13.204000473022461,2734
2022-04-21,CBEU5.MI,13.178000450134277,13.204000473022461,13.170000076293945,13.184000015258789,9252
2022-04-22,CBEU5.MI,13.161999702453613,13.161999702453613,13.133999824523926,13.137999534606934,43300
2022-04-25,CBEU5.MI,13.130000114440918,13.161999702453613,13.130000114440918,13.161999702453613,245
2022-04-26,CBEU5.MI,13.170000076293945,13.184000015258789,13.142000198364258,13.163999557495117,12954
2022-04-27,CBEU5.MI,13.15999984741211,13.163999557495117,13.131999969482422,13.14799976348877,17286
2022-04-28,CBEU5.MI,13.170000076293945,13.173999786376953,13.128000259399414,13.128000259399414,2586
2022-04-29,CBEU5.MI,13.112000465393066,13.13599967956543,13.100000381469727,13.10200023651123,1623
2022-05-02,CBEU5.MI,13.069999694824219,13.116000175476074,13.064000129699707,13.088000297546387,24626
2022-05-03,CBEU5.MI,13.086000442504883,13.097999572753906,13.069999694824219,13.092000007629395,4100
2022-05-04,CBEU5.MI,13.07800006866455,13.079999923706055,13.055999755859375,13.071999549865723,52368
2022-05-05,CBEU5.MI,13.069999694824219,13.105999946594238,13.034000396728516,13.038000106811523,8665
2022-05-06,CBEU5.MI,13.043999671936035,13.045999526977539,12.97599983215332,13.0,1902
2022-05-09,CBEU5.MI,12.949999809265137,13.01200008392334,12.949999809265137,12.984000205993652,4061
2022-05-10,CBEU5.MI,13.008000373840332,13.031999588012695,12.996000289916992,13.029999732971191,4444
2022-05-11,CBEU5.MI,13.043999671936035,13.076000213623047,13.041999816894531,13.050000190734863,21339
2022-05-12,CBEU5.MI,13.07800006866455,13.083999633789062,13.034000396728516,13.083999633789062,13894
2022-05-13,CBEU5.MI,13.107999801635742,13.11400032043457,13.07800006866455,13.083999633789062,2128
2022-05-16,CBEU5.MI,13.083999633789062,13.088000297546387,13.053999900817871,13.088000297546387,3578
2022-05-17,CBEU5.MI,13.055999755859375,13.095999717712402,13.055999755859375,13.065999984741211,4900
2022-05-18,CBEU5.MI,13.053999900817871,13.069999694824219,13.020000457763672,13.041999816894531,10041
2022-05-19,CBEU5.MI,13.039999961853027,13.053999900817871,13.01200008392334,13.053999900817871,11167
2022-05-20,CBEU5.MI,13.0600004196167,13.0600004196167,13.043999671936035,13.043999671936035,3922
2022-05-23,CBEU5.MI,13.026000022888184,13.057999610900879,12.98799991607666,12.98799991607666,4948
2022-05-24,CBEU5.MI,13.026000022888184,13.04800033569336,13.001999855041504,13.027999877929688,1427
2022-05-25,CBEU5.MI,13.053999900817871,13.065999984741211,13.020000457763672,13.0600004196167,11836
2022-05-26,CBEU5.MI,13.086000442504883,13.100000381469727,13.04800033569336,13.04800033569336,9105
2022-05-27,CBEU5.MI,13.064000129699707,13.109999656677246,13.062000274658203,13.09000015258789,3045
2022-05-30,CBEU5.MI,13.038000106811523,13.07800006866455,13.03600025177002,13.064000129699707,8331
2022-05-31,CBEU5.MI,13.0600004196167,13.0600004196167,13.01200008392334,13.026000022888184,1962
2022-06-01,CBEU5.MI,13.005999565124512,13.045999526977539,12.996000289916992,13.026000022888184,4978
2022-06-02,CBEU5.MI,13.026000022888184,13.026000022888184,13.026000022888184,13.026000022888184,0
2022-06-03,CBEU5.MI,13.0,13.022000312805176,12.986000061035156,12.986000061035156,11605
2022-06-06,CBEU5.MI,12.947999954223633,12.991999626159668,12.947999954223633,12.977999687194824,1586
2022-06-07,CBEU5.MI,12.954000473022461,12.98799991607666,12.954000473022461,12.97599983215332,96282
2022-06-08,CBEU5.MI,12.965999603271484,12.965999603271484,12.934000015258789,12.942000389099121,250
2022-06-09,CBEU5.MI,12.930000305175781,12.95199966430664,12.871999740600586,12.871999740600586,1969
2022-06-10,CBEU5.MI,12.845999717712402,12.859999656677246,12.793999671936035,12.800000190734863,22905
2022-06-13,CBEU5.MI,12.753999710083008,12.753999710083008,12.656000137329102,12.657999992370605,6511
2022-06-14,CBEU5.MI,12.661999702453613,12.697999954223633,12.593999862670898,12.607999801635742,8235
2022-06-15,CBEU5.MI,12.59000015258789,12.70199966430664,12.567999839782715,12.684000015258789,13870
2022-06-16,CBEU5.MI,12.640000343322754,12.640000343322754,12.593999862670898,12.618000030517578,12027
2022-06-17,CBEU5.MI,12.581999778747559,12.645999908447266,12.581999778747559,12.62600040435791,9726
2022-06-20,CBEU5.MI,12.642000198364258,12.645999908447266,12.619999885559082,12.621999740600586,2478
2022-06-21,CBEU5.MI,12.61400032043457,12.640000343322754,12.612000465393066,12.631999969482422,70930
2022-06-22,CBEU5.MI,12.64799976348877,12.656000137329102,12.619999885559082,12.656000137329102,50028
2022-06-23,CBEU5.MI,12.680000305175781,12.720000267028809,12.680000305175781,12.718000411987305,6936
2022-06-24,CBEU5.MI,12.734000205993652,12.753899574279785,12.687999725341797,12.727999687194824,4703
2022-06-27,CBEU5.MI,12.739999771118164,12.739999771118164,12.696000099182129,12.696000099182129,1297
2022-06-28,CBEU5.MI,12.673999786376953,12.673999786376953,12.642000198364258,12.649999618530273,3174
2022-06-29,CBEU5.MI,12.670000076293945,12.670000076293945,12.644000053405762,12.654000282287598,2724
2022-06-30,CBEU5.MI,12.692000389099121,12.711999893188477,12.687999725341797,12.696000099182129,333
2022-07-01,CBEU5.MI,12.675999641418457,12.793999671936035,12.675999641418457,12.77400016784668,35363
2022-07-04,CBEU5.MI,12.784000396728516,12.784000396728516,12.73799991607666,12.748000144958496,11831
2022-07-05,CBEU5.MI,12.789999961853027,12.805999755859375,12.758000373840332,12.789999961853027,25694
2022-07-06,CBEU5.MI,12.821999549865723,12.862000465393066,12.8100004196167,12.845999717712402,20155
2022-07-07,CBEU5.MI,12.847999572753906,12.850000381469727,12.82800006866455,12.82800006866455,8938
2022-07-08,CBEU5.MI,12.829999923706055,12.868000030517578,12.829999923706055,12.847999572753906,848
2022-07-11,CBEU5.MI,12.850000381469727,12.899999618530273,12.850000381469727,12.88599967956543,4578
2022-07-12,CBEU5.MI,12.847999572753906,12.9399995803833,12.847999572753906,12.920000076293945,6105
2022-07-13,CBEU5.MI,12.934000015258789,12.935999870300293,12.88599967956543,12.904000282287598,590
2022-07-14,CBEU5.MI,12.84000015258789,12.86400032043457,12.84000015258789,12.854000091552734,123
2022-07-15,CBEU5.MI,12.854000091552734,12.904000282287598,12.854000091552734,12.895999908447266,3631
2022-07-18,CBEU5.MI,12.88599967956543,12.894000053405762,12.857999801635742,12.883999824523926,8765
2022-07-19,CBEU5.MI,12.836000442504883,12.89799976348877,12.831999778747559,12.89799976348877,1174
2022-07-20,CBEU5.MI,12.87399959564209,12.899999618530273,12.866000175476074,12.880000114440918,4914
2022-07-21,CBEU5.MI,12.916000366210938,12.916000366210938,12.821999549865723,12.890000343322754,18842
2022-07-22,CBEU5.MI,12.890000343322754,12.890000343322754,12.890000343322754,12.890000343322754,0
2022-07-25,CBEU5.MI,12.982000350952148,13.029999732971191,12.982000350952148,13.020000457763672,8393
2022-07-26,CBEU5.MI,13.0,13.034000396728516,12.98799991607666,12.998000144958496,8095
2022-07-27,CBEU5.MI,12.977999687194824,13.022000312805176,12.973999977111816,13.022000312805176,25999
2022-07-28,CBEU5.MI,12.996000289916992,13.10200023651123,12.996000289916992,13.097999572753906,10537
2022-07-29,CBEU5.MI,13.116000175476074,13.116000175476074,13.11400032043457,13.11400032043457,731
2022-08-01,CBEU5.MI,13.112000465393066,13.112000465393066,13.065999984741211,13.097999572753906,21774
2022-08-02,CBEU5.MI,13.12600040435791,13.12600040435791,13.062000274658203,13.074000358581543,5153
2022-08-03,CBEU5.MI,13.022000312805176,13.055999755859375,13.022000312805176,13.055999755859375,302
2022-08-04,CBEU5.MI,13.029999732971191,13.076000213623047,13.029999732971191,13.065999984741211,727
2022-08-05,CBEU5.MI,13.050000190734863,13.093999862670898,13.0,13.04800033569336,2247
2022-08-08,CBEU5.MI,13.064000129699707,13.064000129699707,13.034000396728516,13.034000396728516,4825
2022-08-09,CBEU5.MI,13.053999900817871,13.053999900817871,13.003999710083008,13.005999565124512,5720
2022-08-10,CBEU5.MI,13.027999877929688,13.074000358581543,13.010000228881836,13.055999755859375,5511
2022-08-11,CBEU5.MI,13.071999549865723,13.071999549865723,13.039999961853027,13.039999961853027,2473
2022-08-12,CBEU5.MI,13.050000190734863,13.050000190734863,13.039999961853027,13.039999961853027,787
2022-08-16,CBEU5.MI,13.067999839782715,13.067999839782715,13.01200008392334,13.01200008392334,745
2022-08-17,CBEU5.MI,12.996000289916992,12.996000289916992,12.918000221252441,12.918000221252441,442
2022-08-18,CBEU5.MI,12.90999984741211,12.934000015258789,12.88599967956543,12.934000015258789,2302
2022-08-19,CBEU5.MI,12.845999717712402,12.87399959564209,12.845999717712402,12.86400032043457,3606
2022-08-22,CBEU5.MI,12.871999740600586,12.871999740600586,12.817999839782715,12.817999839782715,264
2022-08-23,CBEU5.MI,12.815999984741211,12.821999549865723,12.815999984741211,12.821999549865723,86
2022-08-24,CBEU5.MI,12.831999778747559,12.831999778747559,12.791999816894531,12.819999694824219,8671
2022-08-25,CBEU5.MI,12.866000175476074,12.866000175476074,12.85200023651123,12.85200023651123,572
2022-08-26,CBEU5.MI,12.815999984741211,12.845999717712402,12.763999938964844,12.784000396728516,16436
2022-08-29,CBEU5.MI,12.755999565124512,12.758000373840332,12.734000205993652,12.734000205993652,940
2022-08-30,CBEU5.MI,12.722000122070312,12.746000289916992,12.711999893188477,12.711999893188477,14052
2022-08-31,CBEU5.MI,12.706000328063965,12.706000328063965,12.654000282287598,12.673999786376953,1512
2022-09-01,CBEU5.MI,12.619999885559082,12.673999786376953,12.609999656677246,12.673999786376953,3606
2022-09-02,CBEU5.MI,12.670000076293945,12.734000205993652,12.656000137329102,12.734000205993652,1507
2022-09-05,CBEU5.MI,12.680000305175781,12.699999809265137,12.649999618530273,12.680000305175781,19396
2022-09-06,CBEU5.MI,12.710000038146973,12.751999855041504,12.6899995803833,12.6899995803833,1399
2022-09-07,CBEU5.MI,12.670000076293945,12.720000267028809,12.670000076293945,12.708000183105469,7821
2022-09-08,CBEU5.MI,12.727999687194824,12.727999687194824,12.668000221252441,12.668000221252441,2397
2022-09-09,CBEU5.MI,12.678000450134277,12.71399974822998,12.657999992370605,12.71399974822998,310
2022-09-12,CBEU5.MI,12.692000389099121,12.729999542236328,12.666000366210938,12.704000473022461,733
2022-09-13,CBEU5.MI,12.704000473022461,12.704000473022461,12.704000473022461,12.704000473022461,0
2022-09-14,CBEU5.MI,12.704000473022461,12.704000473022461,12.704000473022461,12.704000473022461,0
2022-09-15,CBEU5.MI,12.704000473022461,12.704000473022461,12.704000473022461,12.704000473022461,0
2022-09-16,CBEU5.MI,12.704000473022461,12.704000473022461,12.704000473022461,12.704000473022461,0
2022-09-19,CBEU5.MI,12.704000473022461,12.704000473022461,12.704000473022461,12.704000473022461,0
2022-09-20,CBEU5.MI,12.704000473022461,12.704000473022461,12.704000473022461,12.704000473022461,0
2022-09-21,CBEU5.MI,12.53600025177002,12.53600025177002,12.508000373840332,12.517999649047852,4284
2022-09-22,CBEU5.MI,12.520000457763672,12.520000457763672,12.465999603271484,12.479999542236328,342
2022-09-23,CBEU5.MI,12.510000228881836,12.510000228881836,12.394000053405762,12.394000053405762,1886
2022-09-26,CBEU5.MI,12.407999992370605,12.423999786376953,12.399999618530273,12.40999984741211,15608
2022-09-27,CBEU5.MI,12.395999908447266,12.413999557495117,12.36400032043457,12.36400032043457,16754
2022-09-28,CBEU5.MI,12.366000175476074,12.425999641418457,12.366000175476074,12.392000198364258,328
2022-09-29,CBEU5.MI,12.38599967956543,12.38599967956543,12.366000175476074,12.366000175476074,197
2022-09-30,CBEU5.MI,12.394000053405762,12.442000389099121,12.394000053405762,12.42199993133545,620
2022-10-03,CBEU5.MI,12.416000366210938,12.484000205993652,12.378000259399414,12.484000205993652,935
2022-10-04,CBEU5.MI,12.576000213623047,12.59000015258789,12.53600025177002,12.53600025177002,61961
2022-10-05,CBEU5.MI,12.489999771118164,12.529999732971191,12.461999893188477,12.461999893188477,3354
2022-10-06,CBEU5.MI,12.482000350952148,12.484000205993652,12.394000053405762,12.394000053405762,1463
2022-10-07,CBEU5.MI,12.435999870300293,12.435999870300293,12.38599967956543,12.38599967956543,415
2022-10-10,CBEU5.MI,12.413999557495117,12.413999557495117,12.345999717712402,12.345999717712402,767
2022-10-11,CBEU5.MI,12.366000175476074,12.366000175476074,12.319999694824219,12.354000091552734,3464
2022-10-12,CBEU5.MI,12.369999885559082,12.369999885559082,12.303999900817871,12.338000297546387,584
2022-10-13,CBEU5.MI,12.303999900817871,12.345999717712402,12.303999900817871,12.331999778747559,1330
2022-10-14,CBEU5.MI,12.34000015258789,12.381999969482422,12.32800006866455,12.32800006866455,412
2022-10-17,CBEU5.MI,12.383999824523926,12.383999824523926,12.357999801635742,12.357999801635742,180
2022-10-18,CBEU5.MI,12.37600040435791,12.37600040435791,12.324000358581543,12.350000381469727,6938
2022-10-19,CBEU5.MI,12.362000465393066,12.362000465393066,12.319999694824219,12.324000358581543,18918
2022-10-20,CBEU5.MI,12.319999694824219,12.319999694824219,12.281999588012695,12.317999839782715,529
2022-10-21,CBEU5.MI,12.284000396728516,12.329999923706055,12.23799991607666,12.312000274658203,4089
2022-10-24,CBEU5.MI,12.383999824523926,12.383999824523926,12.312000274658203,12.331999778747559,3734
2022-10-25,CBEU5.MI,12.32800006866455,12.37399959564209,12.32800006866455,12.37399959564209,3741
2022-10-26,CBEU5.MI,12.357999801635742,12.399999618530273,12.357999801635742,12.399999618530273,244
2022-10-27,CBEU5.MI,12.357999801635742,12.45199966430664,12.357999801635742,12.45199966430664,555
2022-10-28,CBEU5.MI,12.430000305175781,12.430000305175781,12.394000053405762,12.420000076293945,1359
2022-10-31,CBEU5.MI,12.383999824523926,12.447999954223633,12.35200023651123,12.35200023651123,8744
2022-11-01,CBEU5.MI,12.461999893188477,12.461999893188477,12.423999786376953,12.423999786376953,146
2022-11-02,CBEU5.MI,12.404000282287598,12.404000282287598,12.402000427246094,12.402000427246094,776
2022-11-03,CBEU5.MI,12.423999786376953,12.423999786376953,12.395999908447266,12.395999908447266,48
2022-11-04,CBEU5.MI,12.432000160217285,12.432000160217285,12.390000343322754,12.418000221252441,428
2022-11-07,CBEU5.MI,12.39799976348877,12.446000099182129,12.394000053405762,12.40999984741211,378
2022-11-08,CBEU5.MI,12.359999656677246,12.428000450134277,12.359999656677246,12.411999702453613,4965
2022-11-09,CBEU5.MI,12.390000343322754,12.434000015258789,12.390000343322754,12.42199993133545,713
2022-11-10,CBEU5.MI,12.39799976348877,12.588000297546387,12.395999908447266,12.54800033569336,809
2022-11-11,CBEU5.MI,12.564000129699707,12.564000129699707,12.517999649047852,12.517999649047852,2
2022-11-14,CBEU5.MI,12.550000190734863,12.550000190734863,12.446000099182129,12.498000144958496,1255
2022-11-15,CBEU5.MI,12.534000396728516,12.545999526977539,12.510000228881836,12.527999877929688,17908
2022-11-16,CBEU5.MI,12.553999900817871,12.553999900817871,12.520000457763672,12.531999588012695,8787
2022-11-17,CBEU5.MI,12.588000297546387,12.588000297546387,12.520000457763672,12.526000022888184,3254
2022-11-18,CBEU5.MI,12.51200008392334,12.579999923706055,12.51200008392334,12.5600004196167,5639
2022-11-21,CBEU5.MI,12.574000358581543,12.588000297546387,12.538000106811523,12.576000213623047,23541
2022-11-22,CBEU5.MI,12.526000022888184,12.586000442504883,12.526000022888184,12.581999778747559,4111
2022-11-23,CBEU5.MI,12.593999862670898,12.593999862670898,12.552000045776367,12.574000358581543,4886
2022-11-24,CBEU5.MI,12.644000053405762,12.644000053405762,12.618000030517578,12.618000030517578,1652
2022-11-25,CBEU5.MI,12.59000015258789,12.604000091552734,12.581999778747559,12.581999778747559,2679
2022-11-28,CBEU5.MI,12.597999572753906,12.597999572753906,12.586000442504883,12.586000442504883,831
2022-11-29,CBEU5.MI,12.612000465393066,12.645999908447266,12.604000091552734,12.612000465393066,15199
2022-11-30,CBEU5.MI,12.631999969482422,12.631999969482422,12.588000297546387,12.616000175476074,8931
2022-12-01,CBEU5.MI,12.644000053405762,12.692000389099121,12.644000053405762,12.685999870300293,6463
2022-12-02,CBEU5.MI,12.678000450134277,12.751999855041504,12.678000450134277,12.696000099182129,14703
2022-12-05,CBEU5.MI,12.72599983215332,12.72599983215332,12.676199913024902,12.697999954223633,284
2022-12-06,CBEU5.MI,12.73799991607666,12.73799991607666,12.675999641418457,12.704000473022461,24503
2022-12-07,CBEU5.MI,12.70199966430664,12.720000267028809,12.70199966430664,12.720000267028809,59
2022-12-08,CBEU5.MI,12.661999702453613,12.697999954223633,12.661999702453613,12.697999954223633,1400
2022-12-09,CBEU5.MI,12.697999954223633,12.697999954223633,12.697999954223633,12.697999954223633,0
2022-12-12,CBEU5.MI,12.630000114440918,12.675999641418457,12.62399959564209,12.656000137329102,7687
2022-12-13,CBEU5.MI,12.656000137329102,12.656000137329102,12.656000137329102,12.656000137329102,0
2022-12-14,CBEU5.MI,12.711999893188477,12.722000122070312,12.666000366210938,12.699999809265137,8410
2022-12-15,CBEU5.MI,12.71399974822998,12.72599983215332,12.60200023651123,12.60200023651123,65
2022-12-16,CBEU5.MI,12.517999649047852,12.565999984741211,12.517999649047852,12.565999984741211,256
2022-12-19,CBEU5.MI,12.581999778747559,12.581999778747559,12.526000022888184,12.552000045776367,1923
2022-12-20,CBEU5.MI,12.503999710083008,12.569999694824219,12.503999710083008,12.543999671936035,18026
2022-12-21,CBEU5.MI,12.529999732971191,12.565999984741211,12.529999732971191,12.562000274658203,6504
2022-12-22,CBEU5.MI,12.562000274658203,12.562000274658203,12.53600025177002,12.550000190734863,836
2022-12-23,CBEU5.MI,12.53600025177002,12.53600025177002,12.520000457763672,12.53600025177002,402
2022-12-27,CBEU5.MI,12.491999626159668,12.550000190734863,12.491999626159668,12.520000457763672,2841
2022-12-28,CBEU5.MI,12.510000228881836,12.565999984741211,12.510000228881836,12.54800033569336,10388
2022-12-29,CBEU5.MI,12.609999656677246,12.609999656677246,12.574000358581543,12.574000358581543,1000
2022-12-30,CBEU5.MI,12.557999610900879,12.557999610900879,12.538000106811523,12.538000106811523,19883
2023-01-02,CBEU5.MI,12.538000106811523,12.583999633789062,12.510000228881836,12.539999961853027,8686
2023-01-03,CBEU5.MI,12.510000228881836,12.576000213623047,12.510000228881836,12.54800033569336,7689
2023-01-04,CBEU5.MI,12.576000213623047,12.59000015258789,12.574000358581543,12.59000015258789,15071
2023-01-05,CBEU5.MI,12.5600004196167,12.605999946594238,12.5600004196167,12.5600004196167,6664
2023-01-06,CBEU5.MI,12.526000022888184,12.607999801635742,12.526000022888184,12.607999801635742,1000
2023-01-09,CBEU5.MI,12.576000213623047,12.61400032043457,12.576000213623047,12.60200023651123,964
2023-01-10,CBEU5.MI,12.562000274658203,12.616000175476074,12.562000274658203,12.616000175476074,6987
2023-01-11,CBEU5.MI,12.592000007629395,12.609999656677246,12.583999633789062,12.607999801635742,11852
2023-01-12,CBEU5.MI,12.645999908447266,12.680000305175781,12.60200023651123,12.631999969482422,2543
2023-01-13,CBEU5.MI,12.62600040435791,12.673999786376953,12.62600040435791,12.644000053405762,2836
2023-01-16,CBEU5.MI,12.680000305175781,12.680000305175781,12.62600040435791,12.64799976348877,1462
2023-01-17,CBEU5.MI,12.661999702453613,12.722000122070312,12.631999969482422,12.680000305175781,27507
2023-01-18,CBEU5.MI,12.720000267028809,12.739999771118164,12.675999641418457,12.720000267028809,59657
2023-01-19,CBEU5.MI,12.720000267028809,12.720000267028809,12.670000076293945,12.692000389099121,62461
2023-01-20,CBEU5.MI,12.678000450134277,12.692000389099121,12.656000137329102,12.67199993133545,17235
2023-01-23,CBEU5.MI,12.666000366210938,12.680000305175781,12.62600040435791,12.62600040435791,3375
2023-01-24,CBEU5.MI,12.64799976348877,12.697999954223633,12.64799976348877,12.685999870300293,3435
2023-01-25,CBEU5.MI,12.696000099182129,12.722000122070312,12.696000099182129,12.708000183105469,1110
2023-01-26,CBEU5.MI,12.727999687194824,12.727999687194824,12.704000473022461,12.704000473022461,6694
2023-01-27,CBEU5.MI,12.682000160217285,12.715999603271484,12.682000160217285,12.704000473022461,24493
2023-01-30,CBEU5.MI,12.678000450134277,12.678000450134277,12.645999908447266,12.666000366210938,13225
2023-01-31,CBEU5.MI,12.649999618530273,12.678000450134277,12.644000053405762,12.675999641418457,8363
2023-02-01,CBEU5.MI,12.637999534606934,12.637999534606934,12.60200023651123,12.607999801635742,2982
2023-02-02,CBEU5.MI,12.663999557495117,12.73799991607666,12.63599967956543,12.73799991607666,67566
2023-02-03,CBEU5.MI,12.706000328063965,12.718000411987305,12.70199966430664,12.70199966430664,10893
2023-02-06,CBEU5.MI,12.657999992370605,12.687999725341797,12.645999908447266,12.682000160217285,4987
2023-02-07,CBEU5.MI,12.652000427246094,12.684000015258789,12.642000198364258,12.668000221252441,2106
2023-02-08,CBEU5.MI,12.633999824523926,12.65999984741211,12.630000114440918,12.642000198364258,19377
2023-02-09,CBEU5.MI,12.649999618530273,12.687999725341797,12.64799976348877,12.654000282287598,3013
2023-02-10,CBEU5.MI,12.652000427246094,12.656000137329102,12.607999801635742,12.62399959564209,9937
2023-02-13,CBEU5.MI,12.607999801635742,12.607999801635742,12.57800006866455,12.579999923706055,5739
2023-02-14,CBEU5.MI,12.631999969482422,12.631999969482422,12.581999778747559,12.586000442504883,7601
2023-02-15,CBEU5.MI,12.567999839782715,12.607999801635742,12.54800033569336,12.57800006866455,4362
2023-02-16,CBEU5.MI,12.595999717712402,12.595999717712402,12.565999984741211,12.583999633789062,3473
2023-02-17,CBEU5.MI,12.59000015258789,12.59000015258789,12.564000129699707,12.583999633789062,3978
2023-02-20,CBEU5.MI,12.571999549865723,12.607999801635742,12.569999694824219,12.583999633789062,841
2023-02-21,CBEU5.MI,12.567999839782715,12.567999839782715,12.526000022888184,12.531999588012695,25982
2023-02-22,CBEU5.MI,12.513999938964844,12.531999588012695,12.51200008392334,12.517999649047852,1771
2023-02-23,CBEU5.MI,12.531999588012695,12.567999839782715,12.520000457763672,12.550000190734863,5383
2023-02-24,CBEU5.MI,12.543999671936035,12.543999671936035,12.501999855041504,12.508000373840332,9165
2023-02-27,CBEU5.MI,12.494000434875488,12.52400016784668,12.479999542236328,12.505999565124512,2379
2023-02-28,CBEU5.MI,12.470000267028809,12.486000061035156,12.456000328063965,12.486000061035156,48298
2023-03-01,CBEU5.MI,12.461999893188477,12.5,12.428000450134277,12.45199966430664,71962
2023-03-02,CBEU5.MI,12.411999702453613,12.482000350952148,12.411999702453613,12.45199966430664,13330
2023-03-03,CBEU5.MI,12.425999641418457,12.48799991607666,12.425999641418457,12.458000183105469,26820
2023-03-06,CBEU5.MI,12.473999977111816,12.496000289916992,12.458000183105469,12.458000183105469,1323
2023-03-07,CBEU5.MI,12.470000267028809,12.505999565124512,12.45199966430664,12.45199966430664,21428
2023-03-08,CBEU5.MI,12.456000328063965,12.477999687194824,12.444000244140625,12.456000328063965,6592
2023-03-09,CBEU5.MI,12.444000244140625,12.477999687194824,12.434000015258789,12.47599983215332,2021
2023-03-10,CBEU5.MI,12.496000289916992,12.513999938964844,12.47599983215332,12.505999565124512,11555
2023-03-13,CBEU5.MI,12.557999610900879,12.59000015258789,12.54800033569336,12.59000015258789,28656
2023-03-14,CBEU5.MI,12.571999549865723,12.571999549865723,12.46399974822998,12.505999565124512,8159
2023-03-15,CBEU5.MI,12.489999771118164,12.567999839782715,12.460000038146973,12.545999526977539,28333
2023-03-16,CBEU5.MI,12.527999877929688,12.588000297546387,12.501999855041504,12.527999877929688,8990
2023-03-17,CBEU5.MI,12.449999809265137,12.529999732971191,12.449999809265137,12.48799991607666,7845
2023-03-20,CBEU5.MI,12.48799991607666,12.48799991607666,12.48799991607666,12.48799991607666,0
2023-03-21,CBEU5.MI,12.527999877929688,12.579999923706055,12.527999877929688,12.562000274658203,12271
2023-03-22,CBEU5.MI,12.574000358581543,12.574000358581543,12.517999649047852,12.52400016784668,6420
2023-03-23,CBEU5.MI,12.57800006866455,12.600000381469727,12.529999732971191,12.574000358581543,12759
2023-03-24,CBEU5.MI,12.571999549865723,12.600000381469727,12.567999839782715,12.567999839782715,3782
2023-03-27,CBEU5.MI,12.529999732971191,12.54800033569336,12.529999732971191,12.543999671936035,5416
2023-03-28,CBEU5.MI,12.543999671936035,12.553999900817871,12.513999938964844,12.531999588012695,5569
2023-03-29,CBEU5.MI,12.508000373840332,12.557999610900879,12.508000373840332,12.54800033569336,4134
2023-03-30,CBEU5.MI,12.539999961853027,12.583999633789062,12.503999710083008,12.531999588012695,21482
2023-03-31,CBEU5.MI,12.505999565124512,12.595999717712402,12.505999565124512,12.595999717712402,9339
2023-04-03,CBEU5.MI,12.60200023651123,12.618000030517578,12.5600004196167,12.618000030517578,10372
2023-04-04,CBEU5.MI,12.586000442504883,12.607999801635742,12.57800006866455,12.607999801635742,9853
2023-04-05,CBEU5.MI,12.583999633789062,12.630000114440918,12.583999633789062,12.630000114440918,32626
2023-04-06,CBEU5.MI,12.673999786376953,12.673999786376953,12.588000297546387,12.633999824523926,14823
2023-04-11,CBEU5.MI,12.605999946594238,12.631999969482422,12.576000213623047,12.588000297546387,13339
2023-04-12,CBEU5.MI,12.600000381469727,12.618000030517578,12.588000297546387,12.588000297546387,229958
2023-04-13,CBEU5.MI,12.588000297546387,12.588000297546387,12.581999778747559,12.586000442504883,3047
2023-04-14,CBEU5.MI,12.581999778747559,12.621999740600586,12.574000358581543,12.574000358581543,25202
2023-04-17,CBEU5.MI,12.565999984741211,12.592000007629395,12.526000022888184,12.526000022888184,16066
2023-04-18,CBEU5.MI,12.567999839782715,12.616000175476074,12.567999839782715,12.57800006866455,25834
2023-04-19,CBEU5.MI,12.567999839782715,12.576000213623047,12.543999671936035,12.562000274658203,45575
2023-04-20,CBEU5.MI,12.574000358581543,12.581999778747559,12.552000045776367,12.579999923706055,5370
2023-04-21,CBEU5.MI,12.574000358581543,12.579999923706055,12.54800033569336,12.550000190734863,13949
2023-04-24,CBEU5.MI,12.592000007629395,12.592000007629395,12.550000190734863,12.550000190734863,3662
2023-04-25,CBEU5.MI,12.567999839782715,12.586000442504883,12.553999900817871,12.581999778747559,6789
2023-04-26,CBEU5.MI,12.557999610900879,12.605999946594238,12.557999610900879,12.579999923706055,12888
2023-04-27,CBEU5.MI,12.564000129699707,12.609999656677246,12.553999900817871,12.567999839782715,14012
2023-04-28,CBEU5.MI,12.592000007629395,12.630000114440918,12.574000358581543,12.612000465393066,36351
2023-05-02,CBEU5.MI,12.62399959564209,12.640000343322754,12.586000442504883,12.621999740600586,5281
2023-05-03,CBEU5.MI,12.616000175476074,12.645999908447266,12.616000175476074,12.637999534606934,5507
2023-05-04,CBEU5.MI,12.600000381469727,12.649999618530273,12.600000381469727,12.649999618530273,4118
2023-05-05,CBEU5.MI,12.618000030517578,12.661999702453613,12.609999656677246,12.64799976348877,9752
2023-05-08,CBEU5.MI,12.628000259399414,12.645999908447266,12.619999885559082,12.633999824523926,8146
2023-05-09,CBEU5.MI,12.583999633789062,12.644000053405762,12.583999633789062,12.621999740600586,5305
2023-05-10,CBEU5.MI,12.619999885559082,12.654000282287598,12.616000175476074,12.645999908447266,12502
2023-05-11,CBEU5.MI,12.687999725341797,12.687999725341797,12.657999992370605,12.657999992370605,7867
2023-05-12,CBEU5.MI,12.657999992370605,12.67199993133545,12.630000114440918,12.644000053405762,6475
2023-05-15,CBEU5.MI,12.649999618530273,12.649999618530273,12.595999717712402,12.595999717712402,13484
2023-05-16,CBEU5.MI,12.62600040435791,12.644000053405762,12.607999801635742,12.607999801635742,7913
2023-05-17,CBEU5.MI,12.616000175476074,12.62399959564209,12.593999862670898,12.604000091552734,21200
2023-05-18,CBEU5.MI,12.59000015258789,12.605999946594238,12.565999984741211,12.588000297546387,7166
2023-05-19,CBEU5.MI,12.633999824523926,12.633999824523926,12.567999839782715,12.600000381469727,6806
2023-05-22,CBEU5.MI,12.579999923706055,12.600000381469727,12.576000213623047,12.59000015258789,13689
2023-05-23,CBEU5.MI,12.57800006866455,12.597999572753906,12.54800033569336,12.54800033569336,10084
2023-05-24,CBEU5.MI,12.579999923706055,12.59000015258789,12.562000274658203,12.59000015258789,5588
2023-05-25,CBEU5.MI,12.557999610900879,12.588000297546387,12.545999526977539,12.576000213623047,10523
2023-05-26,CBEU5.MI,12.562000274658203,12.583999633789062,12.538000106811523,12.557999610900879,3791
2023-05-29,CBEU5.MI,12.557999610900879,12.597999572753906,12.557999610900879,12.581999778747559,2619
2023-05-30,CBEU5.MI,12.612000465393066,12.621999740600586,12.595999717712402,12.609999656677246,3584
2023-05-31,CBEU5.MI,12.657999992370605,12.657999992370605,12.616000175476074,12.642000198364258,15057
2023-06-01,CBEU5.MI,12.652000427246094,12.656000137329102,12.63599967956543,12.642000198364258,3581
2023-06-02,CBEU5.MI,12.642000198364258,12.642000198364258,12.642000198364258,12.642000198364258,0
2023-06-05,CBEU5.MI,12.59000015258789,12.649999618530273,12.588000297546387,12.621999740600586,13651
2023-06-06,CBEU5.MI,12.621999740600586,12.642000198364258,12.61400032043457,12.616000175476074,5437
2023-06-07,CBEU5.MI,12.642000198364258,12.678000450134277,12.592000007629395,12.592000007629395,10918
2023-06-08,CBEU5.MI,12.592000007629395,12.609999656677246,12.5,12.609999656677246,101377
2023-06-09,CBEU5.MI,12.609999656677246,12.618000030517578,12.609999656677246,12.618000030517578,32345
2023-06-12,CBEU5.MI,12.621999740600586,12.652000427246094,12.621999740600586,12.62600040435791,30633
2023-06-13,CBEU5.MI,12.621999740600586,12.64799976348877,12.605999946594238,12.605999946594238,131997
2023-06-14,CBEU5.MI,12.621999740600586,12.62399959564209,12.593999862670898,12.616000175476074,10108
2023-06-15,CBEU5.MI,12.604000091552734,12.604000091552734,12.571999549865723,12.571999549865723,24924
2023-06-16,CBEU5.MI,12.592000007629395,12.616000175476074,12.581999778747559,12.592000007629395,10151
2023-06-19,CBEU5.MI,12.604000091552734,12.604000091552734,12.571999549865723,12.576000213623047,5930
2023-06-20,CBEU5.MI,12.579999923706055,12.59000015258789,12.579999923706055,12.59000015258789,3340
2023-06-21,CBEU5.MI,12.59000015258789,12.593999862670898,12.576000213623047,12.581999778747559,13378
2023-06-22,CBEU5.MI,12.564000129699707,12.576000213623047,12.555999755859375,12.557999610900879,18063
2023-06-23,CBEU5.MI,12.593999862670898,12.600000381469727,12.581999778747559,12.581999778747559,23193
2023-06-26,CBEU5.MI,12.597999572753906,12.609999656677246,12.595999717712402,12.605999946594238,110672
2023-06-27,CBEU5.MI,12.605999946594238,12.605999946594238,12.579999923706055,12.579999923706055,17192
2023-06-28,CBEU5.MI,12.592000007629395,12.60200023651123,12.588000297546387,12.60200023651123,2541
2023-06-29,CBEU5.MI,12.604000091552734,12.607999801635742,12.545999526977539,12.579999923706055,9741
2023-06-30,CBEU5.MI,12.574000358581543,12.600000381469727,12.571999549865723,12.600000381469727,3493
2023-07-03,CBEU5.MI,12.600000381469727,12.612000465393066,12.579999923706055,12.583999633789062,3630
2023-07-04,CBEU5.MI,12.571999549865723,12.600000381469727,12.571999549865723,12.597999572753906,8060
2023-07-05,CBEU5.MI,12.588000297546387,12.618000030517578,12.588000297546387,12.593999862670898,3531
2023-07-06,CBEU5.MI,12.57800006866455,12.595999717712402,12.54800033569336,12.54800033569336,27729
2023-07-07,CBEU5.MI,12.54800033569336,12.581999778747559,12.54800033569336,12.550000190734863,36004
2023-07-10,CBEU5.MI,12.567999839782715,12.574000358581543,12.557999610900879,12.569999694824219,9544
2023-07-11,CBEU5.MI,12.553999900817871,12.586000442504883,12.553999900817871,12.579999923706055,50354
2023-07-12,CBEU5.MI,12.588000297546387,12.63599967956543,12.588000297546387,12.628000259399414,14884
2023-07-13,CBEU5.MI,12.63599967956543,12.680000305175781,12.63599967956543,12.661999702453613,6192
2023-07-14,CBEU5.MI,12.652000427246094,12.670000076293945,12.64799976348877,12.64799976348877,7750
2023-07-17,CBEU5.MI,12.63599967956543,12.657999992370605,12.597999572753906,12.597999572753906,6452
2023-07-18,CBEU5.MI,12.666000366210938,12.710000038146973,12.666000366210938,12.694000244140625,33986
2023-07-19,CBEU5.MI,12.704000473022461,12.706000328063965,12.685999870300293,12.685999870300293,3077
2023-07-20,CBEU5.MI,12.678000450134277,12.6899995803833,12.652000427246094,12.652000427246094,20076
2023-07-21,CBEU5.MI,12.661999702453613,12.685999870300293,12.656000137329102,12.682000160217285,33426
2023-07-24,CBEU5.MI,12.682000160217285,12.706000328063965,12.682000160217285,12.699999809265137,9070
2023-07-25,CBEU5.MI,12.684000015258789,12.699999809265137,12.684000015258789,12.699999809265137,10013
2023-07-26,CBEU5.MI,12.6899995803833,12.6899995803833,12.661999702453613,12.67199993133545,29728
2023-07-27,CBEU5.MI,12.682000160217285,12.729999542236328,12.682000160217285,12.710000038146973,40103
2023-07-28,CBEU5.MI,12.708000183105469,12.723999977111816,12.70199966430664,12.718000411987305,12863
2023-07-31,CBEU5.MI,12.569999694824219,12.600000381469727,12.534000396728516,12.593999862670898,24350
2023-08-01,CBEU5.MI,12.607999801635742,12.607999801635742,12.574000358581543,12.583999633789062,7685
2023-08-02,CBEU5.MI,12.592000007629395,12.612000465393066,12.57800006866455,12.59000015258789,24865
2023-08-03,CBEU5.MI,12.57800006866455,12.600000381469727,12.571999549865723,12.600000381469727,8057
2023-08-04,CBEU5.MI,12.586000442504883,12.649999618530273,12.538000106811523,12.649999618530273,10761
2023-08-07,CBEU5.MI,12.588000297546387,12.616000175476074,12.54800033569336,12.60200023651123,17540
2023-08-08,CBEU5.MI,12.618000030517578,12.62399959564209,12.605999946594238,12.612000465393066,10550
2023-08-09,CBEU5.MI,12.612000465393066,12.61400032043457,12.595999717712402,12.604000091552734,22500
2023-08-10,CBEU5.MI,12.612000465393066,12.61400032043457,12.59000015258789,12.60200023651123,2103
2023-08-11,CBEU5.MI,12.576000213623047,12.583999633789062,12.565999984741211,12.565999984741211,3937
2023-08-14,CBEU5.MI,12.562000274658203,12.593999862670898,12.553999900817871,12.553999900817871,2506
2023-08-16,CBEU5.MI,12.54800033569336,12.564000129699707,12.543999671936035,12.562000274658203,32003
2023-08-17,CBEU5.MI,12.550000190734863,12.552000045776367,12.479999542236328,12.479999542236328,936
2023-08-18,CBEU5.MI,12.57800006866455,12.57800006866455,12.539999961853027,12.555999755859375,5908
2023-08-21,CBEU5.MI,12.545999526977539,12.545999526977539,12.531999588012695,12.531999588012695,44
2023-08-22,CBEU5.MI,12.53600025177002,12.54800033569336,12.531999588012695,12.539999961853027,2628
2023-08-23,CBEU5.MI,12.579999923706055,12.588000297546387,12.564000129699707,12.564000129699707,9296
2023-08-24,CBEU5.MI,12.600000381469727,12.600000381469727,12.583999633789062,12.592000007629395,3914
2023-08-25,CBEU5.MI,12.59000015258789,12.592000007629395,12.574000358581543,12.574000358581543,12942
2023-08-28,CBEU5.MI,12.565999984741211,12.581999778747559,12.564000129699707,12.581999778747559,3153
2023-08-29,CBEU5.MI,12.581999778747559,12.59000015258789,12.562000274658203,12.59000015258789,2835
2023-08-30,CBEU5.MI,12.567999839782715,12.592000007629395,12.557999610900879,12.581999778747559,47837
2023-08-31,CBEU5.MI,12.600000381469727,12.618000030517578,12.597999572753906,12.607999801635742,25898
2023-09-01,CBEU5.MI,12.618000030517578,12.619999885559082,12.604000091552734,12.604000091552734,1623
2023-09-04,CBEU5.MI,12.60200023651123,12.607999801635742,12.586000442504883,12.59000015258789,2750
2023-09-05,CBEU5.MI,12.593999862670898,12.597999572753906,12.579999923706055,12.59000015258789,8790
2023-09-06,CBEU5.MI,12.581999778747559,12.597999572753906,12.565999984741211,12.565999984741211,6739
2023-09-07,CBEU5.MI,12.5600004196167,12.586000442504883,12.5600004196167,12.579999923706055,70238
2023-09-08,CBEU5.MI,12.593999862670898,12.609999656677246,12.581999778747559,12.595999717712402,77037
2023-09-11,CBEU5.MI,12.607999801635742,12.607999801635742,12.586000442504883,12.592000007629395,44685
2023-09-12,CBEU5.MI,12.579999923706055,12.60200023651123,12.579999923706055,12.588000297546387,49680
2023-09-13,CBEU5.MI,12.576000213623047,12.581999778747559,12.562000274658203,12.579999923706055,28444
2023-09-14,CBEU5.MI,12.579999923706055,12.661999702453613,12.576000213623047,12.604000091552734,13021
2023-09-15,CBEU5.MI,12.618000030517578,12.618000030517578,12.539999961853027,12.539999961853027,11845
2023-09-18,CBEU5.MI,12.574000358581543,12.593999862670898,12.574000358581543,12.579999923706055,17835
2023-09-19,CBEU5.MI,12.571999549865723,12.583999633789062,12.562000274658203,12.567999839782715,49862
2023-09-20,CBEU5.MI,12.569999694824219,12.592000007629395,12.567999839782715,12.586000442504883,15855
2023-09-21,CBEU5.MI,12.5600004196167,12.574000358581543,12.54800033569336,12.565999984741211,27493
2023-09-22,CBEU5.MI,12.57800006866455,12.579999923706055,12.565999984741211,12.571999549865723,25784
2023-09-25,CBEU5.MI,12.569999694824219,12.571999549865723,12.553999900817871,12.571999549865723,53153
2023-09-26,CBEU5.MI,12.562000274658203,12.574000358581543,12.562000274658203,12.562000274658203,4980
2023-09-27,CBEU5.MI,12.565999984741211,12.571999549865723,12.550000190734863,12.550000190734863,28836
2023-09-28,CBEU5.MI,12.529999732971191,12.534000396728516,12.508000373840332,12.51200008392334,30884
2023-09-29,CBEU5.MI,12.553999900817871,12.579999923706055,12.510000228881836,12.569999694824219,19509
2023-10-02,CBEU5.MI,12.54800033569336,12.57800006866455,12.54800033569336,12.5600004196167,22831
2023-10-03,CBEU5.MI,12.571999549865723,12.574000358581543,12.52400016784668,12.52400016784668,40896
2023-10-04,CBEU5.MI,12.522000312805176,12.54800033569336,12.517999649047852,12.53600025177002,32595
2023-10-05,CBEU5.MI,12.534000396728516,12.555999755859375,12.529999732971191,12.550000190734863,25047
2023-10-06,CBEU5.MI,12.555999755859375,12.569999694824219,12.527999877929688,12.5600004196167,59069
2023-10-09,CBEU5.MI,12.553999900817871,12.586000442504883,12.552000045776367,12.586000442504883,16796
2023-10-10,CBEU5.MI,12.576000213623047,12.597999572753906,12.576000213623047,12.597999572753906,43666
2023-10-11,CBEU5.MI,12.609999656677246,12.609999656677246,12.593999862670898,12.595999717712402,48196
2023-10-12,CBEU5.MI,12.60200023651123,12.605999946594238,12.57800006866455,12.57800006866455,18337
2023-10-13,CBEU5.MI,12.574000358581543,12.60200023651123,12.574000358581543,12.588000297546387,16446
2023-10-16,CBEU5.MI,12.567999839782715,12.588000297546387,12.564000129699707,12.571999549865723,12566
2023-10-17,CBEU5.MI,12.571999549865723,12.57800006866455,12.545999526977539,12.552000045776367,12168
2023-10-18,CBEU5.MI,12.538000106811523,12.552000045776367,12.53600025177002,12.53600025177002,5911
2023-10-19,CBEU5.MI,12.529999732971191,12.53600025177002,12.513999938964844,12.527999877929688,22031
2023-10-20,CBEU5.MI,12.526000022888184,12.543999671936035,12.515999794006348,12.543999671936035,12284
2023-10-23,CBEU5.MI,12.527999877929688,12.552000045776367,12.517999649047852,12.552000045776367,17448
2023-10-24,CBEU5.MI,12.581999778747559,12.588000297546387,12.567999839782715,12.579999923706055,20582
2023-10-25,CBEU5.MI,12.569999694824219,12.586000442504883,12.569999694824219,12.574000358581543,8015
2023-10-26,CBEU5.MI,12.5600004196167,12.593999862670898,12.517999649047852,12.59000015258789,22082
2023-10-27,CBEU5.MI,12.60200023651123,12.609999656677246,12.59000015258789,12.600000381469727,6710
2023-10-30,CBEU5.MI,12.628000259399414,12.628000259399414,12.60200023651123,12.612000465393066,11070
2023-10-31,CBEU5.MI,12.621999740600586,12.640000343322754,12.59000015258789,12.631999969482422,9343
2023-11-01,CBEU5.MI,12.644000053405762,12.656000137329102,12.644000053405762,12.656000137329102,6100
2023-11-02,CBEU5.MI,12.694000244140625,12.696000099182129,12.67199993133545,12.682000160217285,8351
2023-11-03,CBEU5.MI,12.67199993133545,12.711999893188477,12.670000076293945,12.699999809265137,12932
2023-11-06,CBEU5.MI,12.678000450134277,12.687999725341797,12.67199993133545,12.67199993133545,8951
2023-11-07,CBEU5.MI,12.670000076293945,12.685999870300293,12.668000221252441,12.680000305175781,45193
2023-11-08,CBEU5.MI,12.673999786376953,12.6899995803833,12.673999786376953,12.6899995803833,22962
2023-11-09,CBEU5.MI,12.692000389099121,12.710000038146973,12.685999870300293,12.699999809265137,27254
2023-11-10,CBEU5.MI,12.668000221252441,12.687999725341797,12.663999557495117,12.675999641418457,3890
2023-11-13,CBEU5.MI,12.675999641418457,12.6899995803833,12.661999702453613,12.661999702453613,24279
2023-11-14,CBEU5.MI,12.680000305175781,12.734000205993652,12.67199993133545,12.734000205993652,30362
2023-11-15,CBEU5.MI,12.736000061035156,12.751999855041504,12.711999893188477,12.723999977111816,31876
2023-11-16,CBEU5.MI,12.72599983215332,12.751999855041504,12.72599983215332,12.746000289916992,18833
2023-11-17,CBEU5.MI,12.765999794006348,12.765999794006348,12.739999771118164,12.746000289916992,17821
2023-11-20,CBEU5.MI,12.729999542236328,12.744000434875488,12.723999977111816,12.734000205993652,4961
2023-11-21,CBEU5.MI,12.734000205993652,12.744000434875488,12.72599983215332,12.744000434875488,11754
2023-11-22,CBEU5.MI,12.739999771118164,12.763999938964844,12.739999771118164,12.746000289916992,8252
2023-11-23,CBEU5.MI,12.753999710083008,12.753999710083008,12.72599983215332,12.72599983215332,12342
2023-11-24,CBEU5.MI,12.736000061035156,12.73799991607666,12.722000122070312,12.732000350952148,9145
2023-11-27,CBEU5.MI,12.746000289916992,12.76200008392334,12.741999626159668,12.76200008392334,6500
2023-11-28,CBEU5.MI,12.76200008392334,12.793999671936035,12.758000373840332,12.793999671936035,12593
2023-11-29,CBEU5.MI,12.812000274658203,12.838000297546387,12.8100004196167,12.833999633789062,8673
2023-11-30,CBEU5.MI,12.850000381469727,12.85200023651123,12.824000358581543,12.842000007629395,9304
2023-12-01,CBEU5.MI,12.862000465393066,12.894000053405762,12.843999862670898,12.894000053405762,20819
2023-12-04,CBEU5.MI,12.871999740600586,12.916000366210938,12.871999740600586,12.89799976348877,30620
2023-12-05,CBEU5.MI,12.902000427246094,12.961999893188477,12.902000427246094,12.923999786376953,16360
2023-12-06,CBEU5.MI,12.934000015258789,12.937999725341797,12.911999702453613,12.916000366210938,13177
2023-12-07,CBEU5.MI,12.9399995803833,12.947999954223633,12.923999786376953,12.935999870300293,12710
2023-12-08,CBEU5.MI,12.932000160217285,12.932000160217285,12.906000137329102,12.906000137329102,140
2023-12-11,CBEU5.MI,12.904000282287598,12.920000076293945,12.904000282287598,12.907999992370605,13318
2023-12-12,CBEU5.MI,12.928000450134277,12.928000450134277,12.904000282287598,12.904000282287598,17613
2023-12-13,CBEU5.MI,12.907999992370605,12.942000389099121,12.907999992370605,12.942000389099121,7483
2023-12-14,CBEU5.MI,13.027999877929688,13.029999732971191,13.001999855041504,13.001999855041504,1974
2023-12-15,CBEU5.MI,13.029999732971191,13.038000106811523,13.015999794006348,13.031999588012695,20650
2023-12-18,CBEU5.MI,13.02400016784668,13.039999961853027,13.008000373840332,13.008000373840332,16796
2023-12-19,CBEU5.MI,13.015999794006348,13.029999732971191,13.013999938964844,13.02400016784668,40423
2023-12-20,CBEU5.MI,13.050000190734863,13.055999755859375,13.039999961853027,13.050000190734863,30325
2023-12-21,CBEU5.MI,13.064000129699707,13.092000007629395,13.01200008392334,13.065999984741211,24811
2023-12-22,CBEU5.MI,13.079999923706055,13.083999633789062,13.064000129699707,13.083999633789062,18307
2023-12-27,CBEU5.MI,13.093999862670898,13.100000381469727,13.086000442504883,13.093999862670898,32744
2023-12-28,CBEU5.MI,13.093999862670898,13.105999946594238,13.092000007629395,13.100000381469727,8200
2023-12-29,CBEU5.MI,13.104000091552734,13.107999801635742,13.076000213623047,13.088000297546387,45087
2024-01-02,CBEU5.MI,13.07800006866455,13.07800006866455,13.050000190734863,13.0600004196167,2402
2024-01-03,CBEU5.MI,13.045999526977539,13.045999526977539,13.026000022888184,13.043999671936035,45183
2024-01-04,CBEU5.MI,13.041999816894531,13.041999816894531,13.001999855041504,13.001999855041504,20015
2024-01-05,CBEU5.MI,13.0,13.005999565124512,12.977999687194824,13.0,2852
2024-01-08,CBEU5.MI,12.968000411987305,13.017999649047852,12.968000411987305,13.001999855041504,10852
2024-01-09,CBEU5.MI,12.996000289916992,13.003999710083008,12.986000061035156,12.996000289916992,33324
2024-01-10,CBEU5.MI,12.996000289916992,13.008000373840332,12.98799991607666,12.989999771118164,5130
2024-01-11,CBEU5.MI,13.015999794006348,13.015999794006348,13.0,13.003999710083008,7606
2024-01-12,CBEU5.MI,13.034000396728516,13.04800033569336,13.015999794006348,13.045999526977539,32969
2024-01-15,CBEU5.MI,13.043999671936035,13.043999671936035,13.015999794006348,13.022000312805176,25634
2024-01-16,CBEU5.MI,13.026000022888184,13.027999877929688,13.010000228881836,13.017999649047852,14570
2024-01-17,CBEU5.MI,12.989999771118164,13.001999855041504,12.979999542236328,12.979999542236328,9740
2024-01-18,CBEU5.MI,12.989999771118164,12.998000144958496,12.989999771118164,12.991999626159668,36538
2024-01-19,CBEU5.MI,13.003999710083008,13.008000373840332,12.972000122070312,12.972000122070312,113708
2024-01-22,CBEU5.MI,13.013999938964844,13.022000312805176,13.008000373840332,13.013999938964844,3860
2024-01-23,CBEU5.MI,13.013999938964844,13.022000312805176,12.994000434875488,12.994000434875488,18615
2024-01-24,CBEU5.MI,13.010000228881836,13.031999588012695,13.010000228881836,13.022000312805176,13082
2024-01-25,CBEU5.MI,13.005999565124512,13.04800033569336,13.0,13.04800033569336,15006
2024-01-26,CBEU5.MI,13.062000274658203,13.069999694824219,13.031999588012695,13.053999900817871,27715
2024-01-29,CBEU5.MI,13.07800006866455,13.079999923706055,13.074000358581543,13.07800006866455,5584
2024-01-30,CBEU5.MI,13.071999549865723,13.083999633789062,13.064000129699707,13.064000129699707,36510
2024-01-31,CBEU5.MI,13.074000358581543,13.10200023651123,13.020000457763672,13.092000007629395,17727
2024-02-01,CBEU5.MI,12.932000160217285,12.956000328063965,12.932000160217285,12.956000328063965,5867
2024-02-02,CBEU5.MI,12.944000244140625,12.95199966430664,12.913999557495117,12.918000221252441,16122
2024-02-05,CBEU5.MI,12.902000427246094,12.913999557495117,12.887999534606934,12.887999534606934,44592
2024-02-06,CBEU5.MI,12.907999992370605,12.90999984741211,12.890000343322754,12.90999984741211,31263
2024-02-07,CBEU5.MI,12.911999702453613,12.911999702453613,12.887999534606934,12.902000427246094,9044
2024-02-08,CBEU5.MI,12.890000343322754,12.899999618530273,12.87600040435791,12.899999618530273,18444
2024-02-09,CBEU5.MI,12.87600040435791,12.883999824523926,12.86400032043457,12.868000030517578,10366
2024-02-12,CBEU5.MI,12.883999824523926,12.892000198364258,12.87399959564209,12.878000259399414,16015
2024-02-13,CBEU5.MI,12.878000259399414,12.881999969482422,12.802000045776367,12.807999610900879,4403
2024-02-14,CBEU5.MI,12.881999969482422,12.883999824523926,12.86400032043457,12.878000259399414,10384
2024-02-15,CBEU5.MI,12.88599967956543,12.899999618530273,12.881999969482422,12.881999969482422,13465
2024-02-16,CBEU5.MI,12.871999740600586,12.878000259399414,12.855999946594238,12.866000175476074,17006
2024-02-19,CBEU5.MI,12.866000175476074,12.878000259399414,12.86400032043457,12.871999740600586,22729
2024-02-20,CBEU5.MI,12.890000343322754,12.890000343322754,12.87600040435791,12.88599967956543,7583
2024-02-21,CBEU5.MI,12.878000259399414,12.895999908447266,12.869999885559082,12.869999885559082,34013
2024-02-22,CBEU5.MI,12.88599967956543,12.88599967956543,12.838000297546387,12.87600040435791,20218
2024-02-23,CBEU5.MI,12.862000465393066,12.883999824523926,12.838000297546387,12.838000297546387,13057
2024-02-26,CBEU5.MI,12.89799976348877,12.89799976348877,12.871999740600586,12.87600040435791,18353
2024-02-27,CBEU5.MI,12.883999824523926,12.883999824523926,12.868000030517578,12.869999885559082,17879
2024-02-28,CBEU5.MI,12.812000274658203,12.878000259399414,12.812000274658203,12.866000175476074,7807
2024-02-29,CBEU5.MI,12.868000030517578,12.878000259399414,12.842000007629395,12.878000259399414,17016
2024-03-01,CBEU5.MI,12.868000030517578,12.894000053405762,12.859999656677246,12.88599967956543,10567
2024-03-04,CBEU5.MI,12.906000137329102,12.906000137329102,12.868000030517578,12.868000030517578,22024
2024-03-05,CBEU5.MI,12.895999908447266,12.911999702453613,12.894000053405762,12.906000137329102,18973
2024-03-06,CBEU5.MI,12.918000221252441,12.918000221252441,12.890000343322754,12.906000137329102,7797
2024-03-07,CBEU5.MI,12.911999702453613,12.949999809265137,12.895999908447266,12.932000160217285,9509
2024-03-08,CBEU5.MI,12.935999870300293,12.968000411987305,12.935999870300293,12.958000183105469,24656
2024-03-11,CBEU5.MI,12.958000183105469,12.96399974822998,12.947999954223633,12.947999954223633,26267
2024-03-12,CBEU5.MI,12.937999725341797,12.961999893188477,12.937999725341797,12.954000473022461,11506
2024-03-13,CBEU5.MI,12.956000328063965,12.972000122070312,12.95199966430664,12.958000183105469,29779
2024-03-14,CBEU5.MI,12.958000183105469,12.977999687194824,12.949999809265137,12.949999809265137,25091
2024-03-15,CBEU5.MI,12.9399995803833,12.944000244140625,12.928000450134277,12.935999870300293,13142
2024-03-18,CBEU5.MI,12.95199966430664,12.95199966430664,12.923999786376953,12.930000305175781,8324
2024-03-19,CBEU5.MI,12.92199993133545,12.946000099182129,12.918000221252441,12.918000221252441,16596
2024-03-20,CBEU5.MI,12.937999725341797,12.937999725341797,12.930000305175781,12.937999725341797,11055
2024-03-21,CBEU5.MI,12.961999893188477,12.982000350952148,12.95199966430664,12.965999603271484,6166
2024-03-22,CBEU5.MI,12.965999603271484,12.984000205993652,12.96399974822998,12.982000350952148,31668
2024-03-25,CBEU5.MI,12.961999893188477,12.972000122070312,12.956000328063965,12.961999893188477,4333
2024-03-26,CBEU5.MI,12.954000473022461,12.972000122070312,12.954000473022461,12.968000411987305,1741
2024-03-27,CBEU5.MI,12.972000122070312,12.994000434875488,12.972000122070312,12.991999626159668,13664
2024-03-28,CBEU5.MI,12.977999687194824,13.001999855041504,12.977999687194824,12.998000144958496,1122
2024-04-02,CBEU5.MI,12.9399995803833,13.0,12.9399995803833,12.991999626159668,4903
2024-04-03,CBEU5.MI,12.998000144958496,13.01200008392334,12.991999626159668,13.0,9598
2024-04-04,CBEU5.MI,13.01200008392334,13.017999649047852,13.0,13.013999938964844,18497
2024-04-05,CBEU5.MI,13.02400016784668,13.02400016784668,12.989999771118164,13.0,18491
2024-04-08,CBEU5.MI,12.982000350952148,13.0,12.970000267028809,12.970000267028809,11391
2024-04-09,CBEU5.MI,12.970000267028809,13.005999565124512,12.970000267028809,13.005999565124512,19179
2024-04-10,CBEU5.MI,13.010000228881836,13.013999938964844,12.973999977111816,12.977999687194824,13833
2024-04-11,CBEU5.MI,12.970000267028809,12.984000205993652,12.961999893188477,12.968000411987305,29077
2024-04-12,CBEU5.MI,12.991999626159668,13.0,12.991999626159668,12.998000144958496,15411
2024-04-15,CBEU5.MI,12.991999626159668,12.998000144958496,12.965999603271484,12.968000411987305,22470
2024-04-16,CBEU5.MI,12.9399995803833,12.960000038146973,12.9399995803833,12.946000099182129,8936
2024-04-17,CBEU5.MI,12.960000038146973,12.961999893188477,12.930000305175781,12.930000305175781,11391
2024-04-18,CBEU5.MI,12.960000038146973,12.961999893188477,12.947999954223633,12.947999954223633,18603
2024-04-19,CBEU5.MI,12.961999893188477,12.961999893188477,12.934000015258789,12.944000244140625,15454
2024-04-22,CBEU5.MI,12.961999893188477,12.965999603271484,12.9399995803833,12.965999603271484,16208
2024-04-23,CBEU5.MI,12.96399974822998,12.972000122070312,12.956000328063965,12.970000267028809,45032
2024-04-24,CBEU5.MI,12.96399974822998,12.965999603271484,12.946000099182129,12.947999954223633,21891
2024-04-25,CBEU5.MI,12.95199966430664,12.95199966430664,12.930000305175781,12.930000305175781,7139
2024-04-26,CBEU5.MI,12.935999870300293,12.954000473022461,12.935999870300293,12.947999954223633,21222
2024-04-29,CBEU5.MI,12.958000183105469,12.972000122070312,12.954000473022461,12.96399974822998,15554
2024-04-30,CBEU5.MI,12.960000038146973,12.961999893188477,12.942000389099121,12.942000389099121,35850
2024-05-02,CBEU5.MI,12.960000038146973,12.972000122070312,12.960000038146973,12.965999603271484,41500
2024-05-03,CBEU5.MI,12.970000267028809,13.03600025177002,12.970000267028809,12.98799991607666,38569
2024-05-06,CBEU5.MI,12.958000183105469,13.017999649047852,12.958000183105469,13.003999710083008,28419
2024-05-07,CBEU5.MI,13.001999855041504,13.017999649047852,13.0,13.01200008392334,11779
2024-05-08,CBEU5.MI,13.001999855041504,13.008000373840332,13.0,13.005999565124512,5994
2024-05-09,CBEU5.MI,12.996000289916992,13.015999794006348,12.996000289916992,13.005999565124512,14625
2024-05-10,CBEU5.MI,13.005999565124512,13.01200008392334,12.989999771118164,12.989999771118164,26802
2024-05-13,CBEU5.MI,12.998000144958496,13.003999710083008,12.986000061035156,12.996000289916992,15991
2024-05-14,CBEU5.MI,13.0,13.003999710083008,12.982000350952148,12.98799991607666,17764
2024-05-15,CBEU5.MI,12.996000289916992,13.027999877929688,12.996000289916992,13.027999877929688,83198
2024-05-16,CBEU5.MI,13.034000396728516,13.038000106811523,13.020000457763672,13.022000312805176,14123
2024-05-17,CBEU5.MI,13.015999794006348,13.017999649047852,12.996000289916992,13.003999710083008,25224
2024-05-20,CBEU5.MI,12.986000061035156,13.01200008392334,12.986000061035156,13.001999855041504,50824
2024-05-21,CBEU5.MI,13.010000228881836,13.020000457763672,13.005999565124512,13.013999938964844,18792
2024-05-22,CBEU5.MI,13.003999710083008,13.008000373840332,12.996000289916992,13.008000373840332,8537
2024-05-23,CBEU5.MI,13.013999938964844,13.013999938964844,12.986000061035156,12.986000061035156,9779
2024-05-24,CBEU5.MI,12.994000434875488,12.994000434875488,12.920000076293945,12.98799991607666,11060
2024-05-27,CBEU5.MI,12.982000350952148,13.01200008392334,12.982000350952148,13.008000373840332,8352
2024-05-28,CBEU5.MI,13.01200008392334,13.027999877929688,13.003999710083008,13.003999710083008,7353
2024-05-29,CBEU5.MI,13.0,13.003999710083008,12.986000061035156,12.986000061035156,34504
2024-05-30,CBEU5.MI,12.991999626159668,12.998000144958496,12.984000205993652,12.991999626159668,9964
2024-05-31,CBEU5.MI,12.994000434875488,13.005999565124512,12.986000061035156,12.996000289916992,19277
2024-06-03,CBEU5.MI,12.998000144958496,13.015999794006348,12.994000434875488,13.015999794006348,31928
2024-06-04,CBEU5.MI,13.022000312805176,13.03600025177002,13.022000312805176,13.027999877929688,6513
2024-06-05,CBEU5.MI,13.029999732971191,13.039999961853027,13.026000022888184,13.034000396728516,13766
2024-06-06,CBEU5.MI,13.034000396728516,13.039999961853027,13.015999794006348,13.02400016784668,12434
2024-06-07,CBEU5.MI,13.015999794006348,13.015999794006348,12.98799991607666,13.0,11532
2024-06-10,CBEU5.MI,12.996000289916992,12.996000289916992,12.984000205993652,12.98799991607666,27232
2024-06-11,CBEU5.MI,13.0,13.008000373840332,13.0,13.005999565124512,7935
2024-06-12,CBEU5.MI,13.001999855041504,13.045999526977539,13.001999855041504,13.039999961853027,67866
2024-06-13,CBEU5.MI,13.029999732971191,13.052000045776367,13.026000022888184,13.050000190734863,148344
2024-06-14,CBEU5.MI,13.071999549865723,13.076000213623047,13.052000045776367,13.057999610900879,29921
2024-06-17,CBEU5.MI,13.055999755859375,13.0600004196167,13.022000312805176,13.034000396728516,14038
2024-06-18,CBEU5.MI,13.031999588012695,13.057999610900879,13.031999588012695,13.053999900817871,14487
2024-06-19,CBEU5.MI,13.057999610900879,13.065999984741211,13.04800033569336,13.055999755859375,15481
2024-06-20,CBEU5.MI,13.057999610900879,13.071999549865723,13.031999588012695,13.055999755859375,21448
2024-06-21,CBEU5.MI,13.07800006866455,13.086000442504883,13.074000358581543,13.074000358581543,22674
2024-06-24,CBEU5.MI,13.067999839782715,13.071999549865723,13.062000274658203,13.064000129699707,21908
2024-06-25,CBEU5.MI,13.07800006866455,13.088000297546387,13.069999694824219,13.076000213623047,56761
2024-06-26,CBEU5.MI,13.07800006866455,13.081999778747559,13.071999549865723,13.071999549865723,21571
2024-06-27,CBEU5.MI,13.069999694824219,13.079999923706055,13.065999984741211,13.076000213623047,3539
2024-06-28,CBEU5.MI,13.07800006866455,13.088000297546387,13.071999549865723,13.074000358581543,9904
2024-07-01,CBEU5.MI,13.067999839782715,13.083999633789062,13.065999984741211,13.065999984741211,91887
2024-07-02,CBEU5.MI,13.069999694824219,13.081999778747559,13.062000274658203,13.079999923706055,93658
2024-07-03,CBEU5.MI,13.081999778747559,13.095999717712402,13.07800006866455,13.095999717712402,18210
2024-07-04,CBEU5.MI,13.097999572753906,13.105999946594238,13.088000297546387,13.093999862670898,29474
2024-07-05,CBEU5.MI,13.104000091552734,13.116000175476074,13.093999862670898,13.116000175476074,94658
2024-07-08,CBEU5.MI,13.11400032043457,13.12399959564209,13.107999801635742,13.119999885559082,22535
2024-07-09,CBEU5.MI,13.119999885559082,13.12600040435791,13.10200023651123,13.10200023651123,43190
2024-07-10,CBEU5.MI,13.109999656677246,13.133999824523926,13.109999656677246,13.121999740600586,36115
2024-07-11,CBEU5.MI,13.119999885559082,13.156000137329102,13.116000175476074,13.154000282287598,55086
2024-07-12,CBEU5.MI,13.142000198364258,13.20199966430664,13.116000175476074,13.14799976348877,42444
2024-07-15,CBEU5.MI,13.154000282287598,13.156000137329102,13.140000343322754,13.152000427246094,24409
2024-07-16,CBEU5.MI,13.157999992370605,13.173999786376953,13.144000053405762,13.156000137329102,72409
2024-07-17,CBEU5.MI,13.166000366210938,13.166000366210938,13.154000282287598,13.15999984741211,28234
2024-07-18,CBEU5.MI,13.15999984741211,13.180000305175781,13.157999992370605,13.180000305175781,49496
2024-07-19,CBEU5.MI,13.175999641418457,13.175999641418457,13.157999992370605,13.168000221252441,16640
2024-07-22,CBEU5.MI,13.170000076293945,13.173999786376953,13.157999992370605,13.157999992370605,20814
2024-07-23,CBEU5.MI,13.163999557495117,13.182000160217285,13.163999557495117,13.180000305175781,11980
2024-07-24,CBEU5.MI,13.180000305175781,13.196000099182129,13.180000305175781,13.1899995803833,17103
2024-07-25,CBEU5.MI,13.197999954223633,13.210000038146973,13.182000160217285,13.199999809265137,79897
2024-07-26,CBEU5.MI,13.192000389099121,13.211999893188477,13.168000221252441,13.208000183105469,28469
2024-07-29,CBEU5.MI,13.21399974822998,13.229999542236328,13.21399974822998,13.218000411987305,36776
2024-07-30,CBEU5.MI,13.22599983215332,13.234000205993652,13.206000328063965,13.232000350952148,40008
2024-07-31,CBEU5.MI,13.241999626159668,13.25,13.241999626159668,13.244000434875488,11957
2024-08-01,CBEU5.MI,13.263999938964844,13.263999938964844,13.246000289916992,13.255999565124512,14710
2024-08-02,CBEU5.MI,13.074000358581543,13.083999633789062,13.057999610900879,13.0600004196167,17360
2024-08-05,CBEU5.MI,13.04800033569336,13.07800006866455,13.038000106811523,13.039999961853027,26519
2024-08-06,CBEU5.MI,13.038000106811523,13.067999839782715,13.03600025177002,13.050000190734863,29170
2024-08-07,CBEU5.MI,13.038000106811523,13.062000274658203,13.034000396728516,13.050000190734863,42290
2024-08-08,CBEU5.MI,13.071999549865723,13.071999549865723,13.04800033569336,13.052000045776367,13168
2024-08-09,CBEU5.MI,13.057999610900879,13.074000358581543,13.057999610900879,13.071999549865723,17366
2024-08-12,CBEU5.MI,13.0600004196167,13.083999633789062,13.053999900817871,13.083999633789062,6381
2024-08-13,CBEU5.MI,13.062000274658203,13.07800006866455,13.062000274658203,13.07800006866455,27467
2024-08-14,CBEU5.MI,13.071999549865723,13.09000015258789,13.071999549865723,13.09000015258789,5637
2024-08-16,CBEU5.MI,13.067999839782715,13.088000297546387,13.067999839782715,13.074000358581543,32424
2024-08-19,CBEU5.MI,13.09000015258789,13.095999717712402,13.076000213623047,13.076000213623047,5146
2024-08-20,CBEU5.MI,13.088000297546387,13.11400032043457,13.081999778747559,13.095999717712402,23651
2024-08-21,CBEU5.MI,13.100000381469727,13.116000175476074,13.093999862670898,13.105999946594238,198607
2024-08-22,CBEU5.MI,13.105999946594238,13.105999946594238,13.095999717712402,13.095999717712402,1682
2024-08-23,CBEU5.MI,13.093999862670898,13.107999801635742,13.088000297546387,13.107999801635742,6169
2024-08-26,CBEU5.MI,13.104000091552734,13.105999946594238,13.093999862670898,13.104000091552734,3485
2024-08-27,CBEU5.MI,13.097999572753906,13.109999656677246,13.092000007629395,13.097999572753906,26953
2024-08-28,CBEU5.MI,13.100000381469727,13.109999656677246,13.100000381469727,13.100000381469727,18182
2024-08-29,CBEU5.MI,13.097999572753906,13.116000175476074,13.097999572753906,13.104000091552734,33262
2024-08-30,CBEU5.MI,13.109999656677246,13.11400032043457,13.097999572753906,13.100000381469727,38729
2024-09-02,CBEU5.MI,13.097999572753906,13.097999572753906,13.081999778747559,13.09000015258789,15465
2024-09-03,CBEU5.MI,13.093999862670898,13.116000175476074,13.088000297546387,13.116000175476074,220561
2024-09-04,CBEU5.MI,13.118000030517578,13.12600040435791,13.109999656677246,13.12399959564209,12028
2024-09-05,CBEU5.MI,13.12600040435791,13.137999534606934,13.12399959564209,13.131999969482422,16277
2024-09-06,CBEU5.MI,13.145999908447266,13.156000137329102,13.144000053405762,13.154000282287598,21538
2024-09-09,CBEU5.MI,13.140000343322754,13.157999992370605,13.137999534606934,13.157999992370605,11460
2024-09-10,CBEU5.MI,13.157999992370605,13.166000366210938,13.156000137329102,13.15999984741211,15905
2024-09-11,CBEU5.MI,13.170000076293945,13.170000076293945,13.144000053405762,13.170000076293945,14144
2024-09-12,CBEU5.MI,13.163999557495117,13.166000366210938,13.15999984741211,13.15999984741211,12466
2024-09-13,CBEU5.MI,13.170000076293945,13.173999786376953,13.156000137329102,13.166000366210938,66347
2024-09-16,CBEU5.MI,13.168000221252441,13.178000450134277,13.15999984741211,13.17199993133545,25916
2024-09-17,CBEU5.MI,13.184000015258789,13.192000389099121,13.17199993133545,13.173999786376953,18132
2024-09-18,CBEU5.MI,13.175999641418457,13.175999641418457,13.15999984741211,13.161999702453613,12361
2024-09-19,CBEU5.MI,13.175999641418457,13.1899995803833,13.175999641418457,13.1899995803833,15388
2024-09-20,CBEU5.MI,13.194000244140625,13.194000244140625,13.178000450134277,13.178000450134277,23154
2024-09-23,CBEU5.MI,13.197999954223633,13.215999603271484,13.197999954223633,13.208000183105469,16583
2024-09-24,CBEU5.MI,13.220000267028809,13.229999542236328,13.208000183105469,13.229999542236328,32859
2024-09-25,CBEU5.MI,13.222000122070312,13.222000122070312,13.208000183105469,13.208000183105469,15967
2024-09-26,CBEU5.MI,13.215999603271484,13.23799991607666,13.215999603271484,13.218000411987305,16678
2024-09-27,CBEU5.MI,13.232000350952148,13.239999771118164,13.223999977111816,13.229999542236328,19185
2024-09-30,CBEU5.MI,13.222000122070312,13.23799991607666,13.211999893188477,13.23799991607666,31827
2024-10-01,CBEU5.MI,13.25,13.27400016784668,13.25,13.253999710083008,43437
2024-10-02,CBEU5.MI,13.246000289916992,13.270000457763672,13.239999771118164,13.255999565124512,16362
2024-10-03,CBEU5.MI,13.253999710083008,13.260000228881836,13.251999855041504,13.255999565124512,6526
2024-10-04,CBEU5.MI,13.241999626159668,13.251999855041504,13.21399974822998,13.232000350952148,26926
2024-10-07,CBEU5.MI,13.211999893188477,13.227999687194824,13.211999893188477,13.218000411987305,3478
2024-10-08,CBEU5.MI,13.22599983215332,13.22599983215332,13.208000183105469,13.222000122070312,17767
2024-10-09,CBEU5.MI,13.222000122070312,13.22599983215332,13.211999893188477,13.21399974822998,12541
2024-10-10,CBEU5.MI,13.210000038146973,13.223999977111816,13.210000038146973,13.223999977111816,9740
2024-10-11,CBEU5.MI,13.21399974822998,13.223999977111816,13.210000038146973,13.222000122070312,13573
2024-10-14,CBEU5.MI,13.229999542236328,13.232000350952148,13.22599983215332,13.227999687194824,6224
2024-10-15,CBEU5.MI,13.241999626159668,13.255999565124512,13.232000350952148,13.246000289916992,32362
2024-10-16,CBEU5.MI,13.260000228881836,13.270000457763672,13.253999710083008,13.265999794006348,29208
2024-10-17,CBEU5.MI,13.260000228881836,13.276000022888184,13.253999710083008,13.276000022888184,11095
2024-10-18,CBEU5.MI,13.284000396728516,13.293999671936035,13.277999877929688,13.291999816894531,14588
2024-10-21,CBEU5.MI,13.276000022888184,13.277999877929688,13.265999794006348,13.265999794006348,11899
2024-10-22,CBEU5.MI,13.255999565124512,13.270000457763672,13.246000289916992,13.255999565124512,15173
2024-10-23,CBEU5.MI,13.263999938964844,13.293999671936035,13.263999938964844,13.267999649047852,18541
2024-10-24,CBEU5.MI,13.284000396728516,13.295999526977539,13.284000396728516,13.289999961853027,12873
2024-10-25,CBEU5.MI,13.281999588012695,13.284000396728516,13.265999794006348,13.279999732971191,17268
2024-10-28,CBEU5.MI,13.270000457763672,13.293999671936035,13.270000457763672,13.284000396728516,14365
2024-10-29,CBEU5.MI,13.265999794006348,13.291999816894531,13.260000228881836,13.265999794006348,28226
2024-10-30,CBEU5.MI,13.260000228881836,13.265999794006348,13.232000350952148,13.234000205993652,8475
2024-10-31,CBEU5.MI,13.215999603271484,13.220000267028809,13.184000015258789,13.218000411987305,23383
2024-11-01,CBEU5.MI,13.227999687194824,13.248000144958496,13.227999687194824,13.23799991607666,7404
2024-11-04,CBEU5.MI,13.22599983215332,13.236000061035156,13.22599983215332,13.236000061035156,30916
2024-11-05,CBEU5.MI,13.227999687194824,13.239999771118164,13.22599983215332,13.229999542236328,9022
2024-11-06,CBEU5.MI,13.26200008392334,13.279999732971191,13.260000228881836,13.272000312805176,14754
2024-11-07,CBEU5.MI,13.265999794006348,13.267999649047852,13.251999855041504,13.265999794006348,3664
2024-11-08,CBEU5.MI,13.277999877929688,13.281999588012695,13.267999649047852,13.27400016784668,8561
2024-11-11,CBEU5.MI,13.279999732971191,13.307999610900879,13.279999732971191,13.305999755859375,61015
2024-11-12,CBEU5.MI,13.295999526977539,13.3100004196167,13.295999526977539,13.295999526977539,21392
2024-11-13,CBEU5.MI,13.291999816894531,13.293999671936035,13.27400016784668,13.28600025177002,7710
2024-11-14,CBEU5.MI,13.293999671936035,13.305999755859375,13.289999961853027,13.305999755859375,16438
2024-11-15,CBEU5.MI,13.307999610900879,13.314000129699707,13.291999816894531,13.300000190734863,11066
2024-11-18,CBEU5.MI,13.284000396728516,13.288000106811523,13.276000022888184,13.288000106811523,12099
2024-11-19,CBEU5.MI,13.281999588012695,13.291999816894531,13.281999588012695,13.288000106811523,12715
2024-11-20,CBEU5.MI,13.279999732971191,13.281999588012695,13.267999649047852,13.279999732971191,12908
2024-11-21,CBEU5.MI,13.279999732971191,13.291999816894531,13.276000022888184,13.288000106811523,12576
2024-11-22,CBEU5.MI,13.312000274658203,13.317999839782715,13.305999755859375,13.3100004196167,11877
2024-11-25,CBEU5.MI,13.319999694824219,13.319999694824219,13.305999755859375,13.319999694824219,23057
2024-11-26,CBEU5.MI,13.321999549865723,13.336000442504883,13.314000129699707,13.317999839782715,33459
2024-11-27,CBEU5.MI,13.321999549865723,13.329999923706055,13.317999839782715,13.324000358581543,21645
2024-11-28,CBEU5.MI,13.331999778747559,13.347999572753906,13.329999923706055,13.342000007629395,29159
2024-11-29,CBEU5.MI,13.324000358581543,13.366000175476074,13.324000358581543,13.359999656677246,20937
2024-12-02,CBEU5.MI,13.380000114440918,13.38599967956543,13.36400032043457,13.38599967956543,49964
2024-12-03,CBEU5.MI,13.380000114440918,13.383999824523926,13.369999885559082,13.37600040435791,11046
2024-12-04,CBEU5.MI,13.371999740600586,13.383999824523926,13.366000175476074,13.383999824523926,16995
2024-12-05,CBEU5.MI,13.383999824523926,13.395999908447266,13.378000259399414,13.378000259399414,29979
2024-12-06,CBEU5.MI,13.380000114440918,13.390000343322754,13.369999885559082,13.383999824523926,57704
2024-12-09,CBEU5.MI,13.392000198364258,13.402000427246094,13.390000343322754,13.394000053405762,31182
2024-12-10,CBEU5.MI,13.399999618530273,13.407999992370605,13.395999908447266,13.402000427246094,11768
2024-12-11,CBEU5.MI,13.411999702453613,13.420000076293945,13.407999992370605,13.407999992370605,12683
2024-12-12,CBEU5.MI,13.404000282287598,13.407999992370605,13.394000053405762,13.394000053405762,2935
2024-12-13,CBEU5.MI,13.380000114440918,13.383999824523926,13.369999885559082,13.371999740600586,5781
2024-12-16,CBEU5.MI,13.378000259399414,13.381999969482422,13.371999740600586,13.371999740600586,12726
2024-12-17,CBEU5.MI,13.37600040435791,13.378000259399414,13.368000030517578,13.371999740600586,29310
2024-12-18,CBEU5.MI,13.378000259399414,13.378000259399414,13.359999656677246,13.369999885559082,7967
2024-12-19,CBEU5.MI,13.34000015258789,13.355999946594238,13.336000442504883,13.350000381469727,16101
2024-12-20,CBEU5.MI,13.357999801635742,13.36400032043457,13.355999946594238,13.355999946594238,11447
2024-12-23,CBEU5.MI,13.347999572753906,13.359999656677246,13.34000015258789,13.350000381469727,7541
2024-12-27,CBEU5.MI,13.350000381469727,13.355999946594238,13.331999778747559,13.347999572753906,15145
2024-12-30,CBEU5.MI,13.342000007629395,13.355999946594238,13.342000007629395,13.354000091552734,13023
2025-01-02,CBEU5.MI,13.368000030517578,13.369999885559082,13.357999801635742,13.357999801635742,35059
2025-01-03,CBEU5.MI,13.35200023651123,13.35200023651123,13.32800006866455,13.32800006866455,9903
2025-01-06,CBEU5.MI,13.32800006866455,13.32800006866455,13.32800006866455,13.32800006866455,0
2025-01-07,CBEU5.MI,13.324000358581543,13.338000297546387,13.317999839782715,13.319999694824219,3237
2025-01-08,CBEU5.MI,13.312000274658203,13.321999549865723,13.295999526977539,13.312000274658203,5475
2025-01-09,CBEU5.MI,13.3100004196167,13.319999694824219,13.307999610900879,13.3100004196167,6680
2025-01-10,CBEU5.MI,13.302000045776367,13.303999900817871,13.267999649047852,13.291999816894531,8768
2025-01-13,CBEU5.MI,13.324000358581543,13.324000358581543,13.279999732971191,13.288000106811523,2523
2025-01-14,CBEU5.MI,13.28600025177002,13.288000106811523,13.279999732971191,13.281999588012695,6776
2025-01-15,CBEU5.MI,13.289999961853027,13.319999694824219,13.281999588012695,13.305999755859375,12478
2025-01-16,CBEU5.MI,13.312000274658203,13.326000213623047,13.295999526977539,13.324000358581543,8780
2025-01-17,CBEU5.MI,13.333999633789062,13.345999717712402,13.331999778747559,13.336000442504883,7539
2025-01-20,CBEU5.MI,13.32800006866455,13.35200023651123,13.324000358581543,13.34000015258789,9804
2025-01-21,CBEU5.MI,13.345999717712402,13.362000465393066,13.331999778747559,13.345999717712402,37863
2025-01-22,CBEU5.MI,13.357999801635742,13.362000465393066,13.343999862670898,13.350000381469727,12250
2025-01-23,CBEU5.MI,13.342000007629395,13.350000381469727,13.34000015258789,13.342000007629395,8181
2025-01-24,CBEU5.MI,13.331999778747559,13.347999572753906,13.326000213623047,13.331999778747559,11871
2025-01-27,CBEU5.MI,13.343999862670898,13.350000381469727,13.338000297546387,13.342000007629395,18152
2025-01-28,CBEU5.MI,13.338000297546387,13.35200023651123,13.338000297546387,13.34000015258789,8677
2025-01-29,CBEU5.MI,13.354000091552734,13.368000030517578,13.347999572753906,13.355999946594238,13702
2025-01-30,CBEU5.MI,13.37600040435791,13.387999534606934,13.371999740600586,13.383999824523926,15919
2025-01-31,CBEU5.MI,13.387999534606934,13.428000450134277,13.387999534606934,13.420000076293945,20154
2025-02-03,CBEU5.MI,13.161999702453613,13.170000076293945,13.14799976348877,13.161999702453613,18180
2025-02-04,CBEU5.MI,13.17199993133545,13.175999641418457,13.157999992370605,13.175999641418457,13092
2025-02-05,CBEU5.MI,13.1899995803833,13.196000099182129,13.182000160217285,13.185999870300293,7374
2025-02-06,CBEU5.MI,13.173999786376953,13.185999870300293,13.17199993133545,13.185999870300293,7442
2025-02-07,CBEU5.MI,13.173999786376953,13.192000389099121,13.170000076293945,13.184000015258789,12402
2025-02-10,CBEU5.MI,13.187999725341797,13.192000389099121,13.175999641418457,13.187999725341797,16858
2025-02-11,CBEU5.MI,13.185999870300293,13.194000244140625,13.17199993133545,13.17199993133545,10355
2025-02-12,CBEU5.MI,13.175999641418457,13.178000450134277,13.14799976348877,13.157999992370605,27017
2025-02-13,CBEU5.MI,13.168000221252441,13.192000389099121,13.168000221252441,13.187999725341797,33153
2025-02-14,CBEU5.MI,13.180000305175781,13.197999954223633,13.180000305175781,13.187999725341797,13717
2025-02-17,CBEU5.MI,13.166000366210938,13.1899995803833,13.166000366210938,13.180000305175781,4285
2025-02-18,CBEU5.MI,13.17199993133545,13.194000244140625,13.168000221252441,13.182000160217285,5297
2025-02-19,CBEU5.MI,13.17199993133545,13.187999725341797,13.15999984741211,13.168000221252441,6862
2025-02-20,CBEU5.MI,13.163999557495117,13.178000450134277,13.15999984741211,13.175999641418457,15782
2025-02-21,CBEU5.MI,13.182000160217285,13.20199966430664,13.180000305175781,13.20199966430664,15165
2025-02-24,CBEU5.MI,13.15999984741211,13.20199966430664,13.15999984741211,13.199999809265137,14330
2025-02-25,CBEU5.MI,13.241999626159668,13.241999626159668,13.187999725341797,13.208000183105469,25908
2025-02-26,CBEU5.MI,13.197999954223633,13.215999603271484,13.197999954223633,13.210000038146973,10961
2025-02-27,CBEU5.MI,13.208000183105469,13.222000122070312,13.206000328063965,13.222000122070312,10427
2025-02-28,CBEU5.MI,13.215999603271484,13.22599983215332,13.211999893188477,13.222000122070312,1228
2025-03-03,CBEU5.MI,13.255999565124512,13.255999565124512,13.197999954223633,13.210000038146973,16214
2025-03-04,CBEU5.MI,13.22599983215332,13.22599983215332,13.21399974822998,13.21399974822998,8238
2025-03-05,CBEU5.MI,13.170000076293945,13.182000160217285,13.14799976348877,13.14799976348877,16626
2025-03-06,CBEU5.MI,13.12600040435791,13.15999984741211,13.12600040435791,13.12600040435791,17017
2025-03-07,CBEU5.MI,13.131999969482422,13.163999557495117,13.116000175476074,13.137999534606934,5895
2025-03-10,CBEU5.MI,13.104000091552734,13.17199993133545,13.104000091552734,13.156000137329102,29118
2025-03-11,CBEU5.MI,13.157999992370605,13.157999992370605,13.130000114440918,13.140000343322754,23071
2025-03-12,CBEU5.MI,13.142000198364258,13.145999908447266,13.119999885559082,13.130000114440918,38136
2025-03-13,CBEU5.MI,13.118000030517578,13.133999824523926,13.109999656677246,13.121999740600586,37277
2025-03-14,CBEU5.MI,13.11400032043457,13.142000198364258,13.112000465393066,13.140000343322754,15950
2025-03-17,CBEU5.MI,13.131999969482422,13.154000282287598,13.130000114440918,13.142000198364258,3493
2025-03-18,CBEU5.MI,13.13599967956543,13.154000282287598,13.131999969482422,13.14799976348877,18641
2025-03-19,CBEU5.MI,13.142000198364258,13.161999702453613,13.137999534606934,13.145999908447266,5608
2025-03-20,CBEU5.MI,13.152000427246094,13.173999786376953,13.149999618530273,13.157999992370605,5829
2025-03-21,CBEU5.MI,13.15999984741211,13.168000221252441,13.144000053405762,13.156000137329102,10840
2025-03-24,CBEU5.MI,13.157999992370605,13.17199993133545,13.152000427246094,13.163999557495117,4263
2025-03-25,CBEU5.MI,13.163999557495117,13.178000450134277,13.152000427246094,13.168000221252441,12161
2025-03-26,CBEU5.MI,13.17199993133545,13.192000389099121,13.161999702453613,13.17199993133545,22936
2025-03-27,CBEU5.MI,13.178000450134277,13.192000389099121,13.170000076293945,13.178000450134277,7154
2025-03-28,CBEU5.MI,13.1899995803833,13.20199966430664,13.182000160217285,13.187999725341797,7856
2025-03-31,CBEU5.MI,13.184000015258789,13.1899995803833,13.17199993133545,13.184000015258789,77096
2025-04-01,CBEU5.MI,13.208000183105469,13.21399974822998,13.192000389099121,13.196000099182129,7500
2025-04-02,CBEU5.MI,13.1899995803833,13.220000267028809,13.184000015258789,13.184000015258789,9169
2025-04-03,CBEU5.MI,13.1899995803833,13.211999893188477,13.1899995803833,13.199999809265137,14941
2025-04-04,CBEU5.MI,13.196000099182129,13.196000099182129,13.105999946594238,13.168000221252441,9109
2025-04-07,CBEU5.MI,13.161999702453613,13.194000244140625,13.093999862670898,13.15999984741211,13674
2025-04-08,CBEU5.MI,13.184000015258789,13.184000015258789,13.130000114440918,13.173999786376953,12251
2025-04-09,CBEU5.MI,13.173999786376953,13.192000389099121,13.104000091552734,13.140000343322754,24976
2025-04-10,CBEU5.MI,13.152000427246094,13.20199966430664,13.152000427246094,13.170000076293945,14273
2025-04-11,CBEU5.MI,13.173999786376953,13.20199966430664,13.173999786376953,13.184000015258789,7194
2025-04-14,CBEU5.MI,13.173999786376953,13.211999893188477,13.173999786376953,13.194000244140625,12750
2025-04-15,CBEU5.MI,13.185999870300293,13.236000061035156,13.185999870300293,13.220000267028809,17684
2025-04-16,CBEU5.MI,13.223999977111816,13.248000144958496,13.223999977111816,13.236000061035156,3577
2025-04-17,CBEU5.MI,13.223999977111816,13.270000457763672,13.223999977111816,13.258000373840332,8123
2025-04-22,CBEU5.MI,13.265999794006348,13.276000022888184,13.26200008392334,13.276000022888184,18117
2025-04-23,CBEU5.MI,13.265999794006348,13.289999961853027,13.260000228881836,13.289999961853027,26377
2025-04-24,CBEU5.MI,13.272000312805176,13.29800033569336,13.272000312805176,13.293999671936035,10384
2025-04-25,CBEU5.MI,13.284000396728516,13.284000396728516,13.277999877929688,13.277999877929688,747
2025-04-28,CBEU5.MI,13.265999794006348,13.284000396728516,13.265999794006348,13.27400016784668,8238
2025-04-29,CBEU5.MI,13.279999732971191,13.279999732971191,13.258000373840332,13.272000312805176,26346
2025-04-30,CBEU5.MI,13.258000373840332,13.284000396728516,13.253999710083008,13.272000312805176,5183
2025-05-02,CBEU5.MI,13.253999710083008,13.293999671936035,13.253999710083008,13.265999794006348,14871
2025-05-05,CBEU5.MI,13.260000228881836,13.28600025177002,13.260000228881836,13.267999649047852,5176
2025-05-06,CBEU5.MI,13.270000457763672,13.288000106811523,13.258000373840332,13.277999877929688,14537
2025-05-07,CBEU5.MI,13.265999794006348,13.291999816894531,13.265999794006348,13.289999961853027,8906
2025-05-08,CBEU5.MI,13.291999816894531,13.307999610900879,13.291999816894531,13.295999526977539,9809
2025-05-09,CBEU5.MI,13.279999732971191,13.29800033569336,13.270000457763672,13.288000106811523,15268
2025-05-12,CBEU5.MI,13.27400016784668,13.291999816894531,13.26200008392334,13.276000022888184,25395
2025-05-13,CBEU5.MI,13.260000228881836,13.281999588012695,13.251999855041504,13.267999649047852,11046
2025-05-14,CBEU5.MI,13.265999794006348,13.276000022888184,13.263999938964844,13.263999938964844,10217
2025-05-15,CBEU5.MI,13.267999649047852,13.279999732971191,13.263999938964844,13.277999877929688,10613
2025-05-16,CBEU5.MI,13.293999671936035,13.303999900817871,13.293999671936035,13.295999526977539,12244
2025-05-19,CBEU5.MI,13.26200008392334,13.29800033569336,13.26200008392334,13.29800033569336,30838
2025-05-20,CBEU5.MI,13.307999610900879,13.312000274658203,13.302000045776367,13.303999900817871,8569
2025-05-21,CBEU5.MI,13.300000190734863,13.3100004196167,13.28600025177002,13.29800033569336,9232
2025-05-22,CBEU5.MI,13.288000106811523,13.303999900817871,13.288000106811523,13.29800033569336,6554
2025-05-23,CBEU5.MI,13.343999862670898,13.343999862670898,13.300000190734863,13.314000129699707,30777
2025-05-26,CBEU5.MI,13.289999961853027,13.321999549865723,13.289999961853027,13.317999839782715,13174
2025-05-27,CBEU5.MI,13.329999923706055,13.338000297546387,13.319999694824219,13.331999778747559,6261
2025-05-28,CBEU5.MI,13.32800006866455,13.331999778747559,13.324000358581543,13.329999923706055,18880
2025-05-29,CBEU5.MI,13.331999778747559,13.345999717712402,13.326000213623047,13.343999862670898,6183
2025-05-30,CBEU5.MI,13.345999717712402,13.347999572753906,13.331999778747559,13.343999862670898,16836
2025-06-02,CBEU5.MI,13.359999656677246,13.359999656677246,13.338000297546387,13.338000297546387,408
2025-06-03,CBEU5.MI,13.342000007629395,13.357999801635742,13.34000015258789,13.350000381469727,40875
2025-06-04,CBEU5.MI,13.35200023651123,13.359999656677246,13.345999717712402,13.350000381469727,6818
2025-06-05,CBEU5.MI,13.355999946594238,13.368000030517578,13.32800006866455,13.32800006866455,23203
2025-06-06,CBEU5.MI,13.302000045776367,13.355999946594238,13.302000045776367,13.338000297546387,43668
2025-06-09,CBEU5.MI,13.345999717712402,13.359999656677246,13.34000015258789,13.359999656677246,17628
2025-06-10,CBEU5.MI,13.354000091552734,13.37600040435791,13.345999717712402,13.366000175476074,29707
2025-06-11,CBEU5.MI,13.362000465393066,13.37600040435791,13.355999946594238,13.366000175476074,7408
2025-06-12,CBEU5.MI,13.369999885559082,13.413999557495117,13.368000030517578,13.37600040435791,9987
2025-06-13,CBEU5.MI,13.371999740600586,13.371999740600586,13.35200023651123,13.355999946594238,28279
2025-06-16,CBEU5.MI,13.319999694824219,13.362000465393066,13.319999694824219,13.362000465393066,45520
2025-06-17,CBEU5.MI,13.359999656677246,13.369999885559082,13.359999656677246,13.359999656677246,3839
2025-06-18,CBEU5.MI,13.35200023651123,13.368000030517578,13.35200023651123,13.36400032043457,6822
2025-06-19,CBEU5.MI,13.359999656677246,13.368000030517578,13.35200023651123,13.359999656677246,16439
2025-06-20,CBEU5.MI,13.369999885559082,13.369999885559082,13.357999801635742,13.362000465393066,4617
2025-06-23,CBEU5.MI,13.355999946594238,13.371999740600586,13.355999946594238,13.366000175476074,5145
2025-06-24,CBEU5.MI,13.380000114440918,13.390000343322754,13.371999740600586,13.390000343322754,9199
2025-06-25,CBEU5.MI,13.381999969482422,13.383999824523926,13.366000175476074,13.369999885559082,4787
2025-06-26,CBEU5.MI,13.381999969482422,13.394000053405762,13.37399959564209,13.381999969482422,18957
2025-06-27,CBEU5.MI,13.37399959564209,13.390000343322754,13.37399959564209,13.383999824523926,53615
2025-06-30,CBEU5.MI,13.380000114440918,13.39799976348877,13.380000114440918,13.387999534606934,13390
2025-07-01,CBEU5.MI,13.395999908447266,13.428000450134277,13.395999908447266,13.39799976348877,5316
2025-07-02,CBEU5.MI,13.36400032043457,13.40999984741211,13.36400032043457,13.407999992370605,7981
2025-07-03,CBEU5.MI,13.407999992370605,13.434000015258789,13.407999992370605,13.434000015258789,15510
2025-07-04,CBEU5.MI,13.432000160217285,13.447999954223633,13.430000305175781,13.435999870300293,13526
2025-07-07,CBEU5.MI,13.425999641418457,13.446000099182129,13.42199993133545,13.423999786376953,6422
2025-07-08,CBEU5.MI,13.406000137329102,13.420000076293945,13.402000427246094,13.420000076293945,16220
2025-07-09,CBEU5.MI,13.411999702453613,13.42199993133545,13.40999984741211,13.420000076293945,12146
2025-07-10,CBEU5.MI,13.413999557495117,13.430000305175781,13.411999702453613,13.416000366210938,24087
2025-07-11,CBEU5.MI,13.45199966430664,13.45199966430664,13.387999534606934,13.392000198364258,13779
2025-07-14,CBEU5.MI,13.402000427246094,13.413999557495117,13.399999618530273,13.40999984741211,9657
2025-07-15,CBEU5.MI,13.413999557495117,13.428000450134277,13.406000137329102,13.406000137329102,94397
2025-07-16,CBEU5.MI,13.407999992370605,13.435999870300293,13.407999992370605,13.435999870300293,12901
2025-07-17,CBEU5.MI,13.42199993133545,13.447999954223633,13.418000221252441,13.430000305175781,7914
2025-07-18,CBEU5.MI,13.42199993133545,13.435999870300293,13.416000366210938,13.425999641418457,20838
2025-07-21,CBEU5.MI,13.434000015258789,13.447999954223633,13.434000015258789,13.447999954223633,5820
2025-07-22,CBEU5.MI,13.444000244140625,13.46399974822998,13.442000389099121,13.458000183105469,11046
2025-07-23,CBEU5.MI,13.449999809265137,13.473999977111816,13.449999809265137,13.468000411987305,7059
2025-07-24,CBEU5.MI,13.442000389099121,13.454000473022461,13.435999870300293,13.435999870300293,6858
2025-07-25,CBEU5.MI,13.411999702453613,13.432000160217285,13.406000137329102,13.425999641418457,9505
2025-07-28,CBEU5.MI,13.222000122070312,13.23799991607666,13.220000267028809,13.236000061035156,4862
2025-07-29,CBEU5.MI,13.22599983215332,13.239999771118164,13.22599983215332,13.22599983215332,15862
2025-07-30,CBEU5.MI,13.234000205993652,13.236000061035156,13.229999542236328,13.229999542236328,4056
2025-07-31,CBEU5.MI,13.232000350952148,13.236000061035156,13.222000122070312,13.232000350952148,15254
2025-08-01,CBEU5.MI,13.220000267028809,13.23799991607666,13.211999893188477,13.223999977111816,14608
2025-08-04,CBEU5.MI,13.223999977111816,13.246000289916992,13.223999977111816,13.241999626159668,9253
2025-08-05,CBEU5.MI,13.248000144958496,13.253999710083008,13.23799991607666,13.253999710083008,7065
2025-08-06,CBEU5.MI,13.244000434875488,13.25,13.236000061035156,13.244000434875488,19284
2025-08-07,CBEU5.MI,13.246000289916992,13.253999710083008,13.241999626159668,13.244000434875488,13354
2025-08-08,CBEU5.MI,13.236000061035156,13.25,13.234000205993652,13.234000205993652,9303
2025-08-11,CBEU5.MI,13.236000061035156,13.236000061035156,13.227999687194824,13.232000350952148,5228
2025-08-12,CBEU5.MI,13.239999771118164,13.239999771118164,13.223999977111816,13.223999977111816,9478
2025-08-13,CBEU5.MI,13.241999626159668,13.253999710083008,13.239999771118164,13.251999855041504,2581
2025-08-14,CBEU5.MI,13.263999938964844,13.265999794006348,13.255999565124512,13.260000228881836,4207
2025-08-18,CBEU5.MI,13.265999794006348,13.267999649047852,13.23799991607666,13.241999626159668,10581
2025-08-19,CBEU5.MI,13.234000205993652,13.244000434875488,13.227999687194824,13.244000434875488,7728
2025-08-20,CBEU5.MI,13.241999626159668,13.253999710083008,13.241999626159668,13.251999855041504,3397
2025-08-21,CBEU5.MI,13.239999771118164,13.239999771118164,13.22599983215332,13.22599983215332,8178
2025-08-22,CBEU5.MI,13.222000122070312,13.241999626159668,13.222000122070312,13.241999626159668,560
2025-08-25,CBEU5.MI,13.229999542236328,13.232000350952148,13.227999687194824,13.227999687194824,1363
2025-08-26,CBEU5.MI,13.236000061035156,13.23799991607666,13.227999687194824,13.232000350952148,3667
2025-08-27,CBEU5.MI,13.248000144958496,13.248000144958496,13.23799991607666,13.23799991607666,3305
2025-08-28,CBEU5.MI,13.23799991607666,13.246000289916992,13.232000350952148,13.246000289916992,4776
2025-08-29,CBEU5.MI,13.239999771118164,13.241999626159668,13.232000350952148,13.23799991607666,3064
2025-09-01,CBEU5.MI,13.227999687194824,13.227999687194824,13.222000122070312,13.22599983215332,33280
2025-09-02,CBEU5.MI,13.22599983215332,13.22599983215332,13.204000473022461,13.210000038146973,4608
2025-09-03,CBEU5.MI,13.220000267028809,13.232000350952148,13.218000411987305,13.232000350952148,1857
2025-09-04,CBEU5.MI,13.232000350952148,13.25,13.229999542236328,13.241999626159668,13904
2025-09-05,CBEU5.MI,13.246000289916992,13.265999794006348,13.244000434875488,13.263999938964844,6089
2025-09-08,CBEU5.MI,13.258000373840332,13.267999649047852,13.255999565124512,13.255999565124512,26376
2025-09-09,CBEU5.MI,13.263999938964844,13.267999649047852,13.255999565124512,13.265999794006348,11484
2025-09-10,CBEU5.MI,13.303999900817871,13.303999900817871,13.260000228881836,13.267999649047852,15303
2025-09-11,CBEU5.MI,13.253999710083008,13.284000396728516,13.253999710083008,13.263999938964844,15935
2025-09-12,CBEU5.MI,13.258000373840332,13.272000312805176,13.255999565124512,13.265999794006348,4284
2025-09-15,CBEU5.MI,13.267999649047852,13.27400016784668,13.26200008392334,13.27400016784668,7112
2025-09-16,CBEU5.MI,13.26200008392334,13.270000457763672,13.260000228881836,13.265999794006348,5644
2025-09-17,CBEU5.MI,13.26200008392334,13.267999649047852,13.258000373840332,13.263999938964844,6082
2025-09-18,CBEU5.MI,13.270000457763672,13.277999877929688,13.26200008392334,13.27400016784668,5275
2025-09-19,CBEU5.MI,13.263999938964844,13.28600025177002,13.255999565124512,13.267999649047852,12923
2025-09-22,CBEU5.MI,13.265999794006348,13.270000457763672,13.265999794006348,13.270000457763672,176
2025-09-23,CBEU5.MI,13.270000457763672,13.277999877929688,13.26200008392334,13.276000022888184,12232
2025-09-24,CBEU5.MI,13.267999649047852,13.27400016784668,13.26200008392334,13.270000457763672,9465
2025-09-25,CBEU5.MI,13.263999938964844,13.27400016784668,13.25,13.253999710083008,13311
2025-09-26,CBEU5.MI,13.258000373840332,13.270000457763672,13.251999855041504,13.270000457763672,8826
2025-09-29,CBEU5.MI,13.265999794006348,13.270000457763672,13.26200008392334,13.267999649047852,12752
2025-09-30,CBEU5.MI,13.270000457763672,13.279999732971191,13.258000373840332,13.263999938964844,7503
2025-10-01,CBEU5.MI,13.267999649047852,13.295999526977539,13.267999649047852,13.281999588012695,12421
2025-10-02,CBEU5.MI,13.284000396728516,13.293999671936035,13.284000396728516,13.291999816894531,7028
2025-10-03,CBEU5.MI,13.276000022888184,13.300000190734863,13.276000022888184,13.293999671936035,13141
2025-10-06,CBEU5.MI,13.293999671936035,13.29800033569336,13.279999732971191,13.289999961853027,8894
2025-10-07,CBEU5.MI,13.281999588012695,13.295999526977539,13.281999588012695,13.289999961853027,13753
2025-10-08,CBEU5.MI,13.293999671936035,13.307999610900879,13.293999671936035,13.303999900817871,17125
2025-10-09,CBEU5.MI,13.343999862670898,13.343999862670898,13.300000190734863,13.300000190734863,13314
2025-10-10,CBEU5.MI,13.295999526977539,13.302000045776367,13.288000106811523,13.302000045776367,12360
2025-10-13,CBEU5.MI,13.277999877929688,13.312000274658203,13.277999877929688,13.305999755859375,7379
2025-10-14,CBEU5.MI,13.305999755859375,13.319999694824219,13.300000190734863,13.315999984741211,25354
2025-10-15,CBEU5.MI,13.326000213623047,13.34000015258789,13.326000213623047,13.333999633789062,7206
2025-10-16,CBEU5.MI,13.338000297546387,13.347999572753906,13.331999778747559,13.34000015258789,6359
2025-10-17,CBEU5.MI,13.34000015258789,13.347999572753906,13.32800006866455,13.336000442504883,21498
2025-10-20,CBEU5.MI,13.289999961853027,13.342000007629395,13.289999961853027,13.342000007629395,13813
2025-10-21,CBEU5.MI,13.338000297546387,13.345999717712402,13.338000297546387,13.343999862670898,5786
2025-10-22,CBEU5.MI,13.350000381469727,13.35200023651123,13.338000297546387,13.343999862670898,18200
2025-10-23,CBEU5.MI,13.342000007629395,13.347999572753906,13.336000442504883,13.342000007629395,28729
2025-10-27,CBEU5.MI,13.333999633789062,13.347999572753906,13.333999633789062,13.342000007629395,6203
2025-10-28,CBEU5.MI,13.35200023651123,13.35200023651123,13.338000297546387,13.345999717712402,4688
2025-10-29,CBEU5.MI,13.342000007629395,13.35200023651123,13.336000442504883,13.350000381469727,15457
2025-10-30,CBEU5.MI,13.338000297546387,13.343999862670898,13.32800006866455,13.342000007629395,14256
2025-10-31,CBEU5.MI,13.336000442504883,13.347999572753906,13.336000442504883,13.345999717712402,8713
2025-11-03,CBEU5.MI,13.362000465393066,13.362000465393066,13.32800006866455,13.32800006866455,2588
2025-11-04,CBEU5.MI,13.32800006866455,13.333999633789062,13.319999694824219,13.331999778747559,8100
2025-11-05,CBEU5.MI,13.329999923706055,13.333999633789062,13.326000213623047,13.329999923706055,6545
2025-11-06,CBEU5.MI,13.326000213623047,13.333999633789062,13.321999549865723,13.326000213623047,10658
2025-11-07,CBEU5.MI,13.315999984741211,13.321999549865723,13.314000129699707,13.319999694824219,2638
2025-11-10,CBEU5.MI,13.307999610900879,13.338000297546387,13.307999610900879,13.324000358581543,7547
2025-11-11,CBEU5.MI,13.32800006866455,13.338000297546387,13.326000213623047,13.338000297546387,19554
2025-11-12,CBEU5.MI,13.329999923706055,13.338000297546387,13.32800006866455,13.336000442504883,10669
2025-11-13,CBEU5.MI,13.321999549865723,13.338000297546387,13.321999549865723,13.321999549865723,9551
2025-11-14,CBEU5.MI,13.307999610900879,13.324000358581543,13.302000045776367,13.315999984741211,27128
2025-11-17,CBEU5.MI,13.347999572753906,13.347999572753906,13.312000274658203,13.317999839782715,5204
2025-11-18,CBEU5.MI,13.319999694824219,13.324000358581543,13.305999755859375,13.319999694824219,193607
2025-11-19,CBEU5.MI,13.312000274658203,13.319999694824219,13.307999610900879,13.314000129699707,8340
2025-11-20,CBEU5.MI,13.324000358581543,13.324000358581543,13.315999984741211,13.324000358581543,12044
2025-11-21,CBEU5.MI,13.319999694824219,13.32800006866455,13.317999839782715,13.321999549865723,6174
2025-11-24,CBEU5.MI,13.317999839782715,13.329999923706055,13.317999839782715,13.32800006866455,18199
2025-11-25,CBEU5.MI,13.331999778747559,13.343999862670898,13.329999923706055,13.331999778747559,35567
2025-11-26,CBEU5.MI,13.333999633789062,13.345999717712402,13.32800006866455,13.333999633789062,149374
2025-11-27,CBEU5.MI,13.324000358581543,13.347999572753906,13.324000358581543,13.336000442504883,5586
2025-11-28,CBEU5.MI,13.324000358581543,13.345999717712402,13.315999984741211,13.336000442504883,7756
2025-12-01,CBEU5.MI,13.34000015258789,13.34000015258789,13.324000358581543,13.336000442504883,3166
2025-12-02,CBEU5.MI,13.329999923706055,13.343999862670898,13.324000358581543,13.333999633789062,32481
2025-12-03,CBEU5.MI,13.300000190734863,13.345999717712402,13.300000190734863,13.333999633789062,4930
2025-12-04,CBEU5.MI,13.34000015258789,13.343999862670898,13.333999633789062,13.338000297546387,9309
2025-12-05,CBEU5.MI,13.333999633789062,13.343999862670898,13.32800006866455,13.329999923706055,6360
2025-12-08,CBEU5.MI,13.317999839782715,13.317999839782715,13.300000190734863,13.300000190734863,2313
2025-12-09,CBEU5.MI,13.300000190734863,13.3100004196167,13.300000190734863,13.303999900817871,4240
2025-12-10,CBEU5.MI,13.321999549865723,13.321999549865723,13.279999732971191,13.295999526977539,13866
2025-12-11,CBEU5.MI,13.295999526977539,13.3100004196167,13.295999526977539,13.305999755859375,11283
2025-12-12,CBEU5.MI,13.29800033569336,13.312000274658203,13.29800033569336,13.3100004196167,21208
2025-12-15,CBEU5.MI,13.302000045776367,13.312000274658203,13.29800033569336,13.307999610900879,12638
2025-12-16,CBEU5.MI,13.307999610900879,13.317999839782715,13.303999900817871,13.314000129699707,3407
2025-12-17,CBEU5.MI,13.350000381469727,13.350000381469727,13.3100004196167,13.312000274658203,1415
2025-12-18,CBEU5.MI,13.319999694824219,13.336000442504883,13.277999877929688,13.314000129699707,7361
2025-12-19,CBEU5.MI,13.314000129699707,13.314000129699707,13.302000045776367,13.303999900817871,11399
2025-12-22,CBEU5.MI,13.303999900817871,13.3100004196167,13.300000190734863,13.303999900817871,6233
2025-12-23,CBEU5.MI,13.3100004196167,13.32800006866455,13.305999755859375,13.312000274658203,5293
2025-12-29,CBEU5.MI,13.329999923706055,13.342000007629395,13.32800006866455,13.342000007629395,2629
2025-12-30,CBEU5.MI,13.338000297546387,13.354000091552734,13.338000297546387,13.345999717712402,32783
2026-01-02,CBEU5.MI,13.336000442504883,13.343999862670898,13.336000442504883,13.336000442504883,20681
2026-01-05,CBEU5.MI,13.32800006866455,13.347999572753906,13.32800006866455,13.34000015258789,16731
2026-01-06,CBEU5.MI,13.345999717712402,13.357999801635742,13.343999862670898,13.354000091552734,863430
2026-01-07,CBEU5.MI,13.359999656677246,13.369999885559082,13.354000091552734,13.354000091552734,10794
2026-01-08,CBEU5.MI,13.355999946594238,13.378000259399414,13.35200023651123,13.359999656677246,85860
2026-01-09,CBEU5.MI,13.359999656677246,13.371999740600586,13.359999656677246,13.368000030517578,6242
2026-01-12,CBEU5.MI,13.369999885559082,13.37600040435791,13.368000030517578,13.371999740600586,10522
2026-01-13,CBEU5.MI,13.369999885559082,13.378000259399414,13.36400032043457,13.37399959564209,5336
2026-01-14,CBEU5.MI,13.369999885559082,13.381999969482422,13.369999885559082,13.380000114440918,18320
2026-01-15,CBEU5.MI,13.381999969482422,13.38599967956543,13.368000030517578,13.381999969482422,111693
2026-01-16,CBEU5.MI,13.378000259399414,13.381999969482422,13.368000030517578,13.368000030517578,7513
2026-01-19,CBEU5.MI,13.366000175476074,13.38599967956543,13.366000175476074,13.380000114440918,10709
2026-01-20,CBEU5.MI,13.362000465393066,13.37399959564209,13.359999656677246,13.37399959564209,11860
2026-01-21,CBEU5.MI,13.390000343322754,13.392000198364258,13.362000465393066,13.37600040435791,9374
2026-01-22,CBEU5.MI,13.345999717712402,13.404000282287598,13.345999717712402,13.38599967956543,22098
2026-01-23,CBEU5.MI,13.366000175476074,13.383999824523926,13.366000175476074,13.380000114440918,25985
2026-01-26,CBEU5.MI,13.37399959564209,13.395999908447266,13.37399959564209,13.394000053405762,28917
2026-01-27,CBEU5.MI,13.39799976348877,13.399999618530273,13.390000343322754,13.392000198364258,11413
2026-01-28,CBEU5.MI,13.402000427246094,13.407999992370605,13.399999618530273,13.404000282287598,18214
2026-01-29,CBEU5.MI,13.399999618530273,13.416000366210938,13.399999618530273,13.406000137329102,10720
2026-01-30,CBEU5.MI,13.413999557495117,13.413999557495117,13.402000427246094,13.411999702453613,4776
2026-02-02,CBEU5.MI,13.411999702453613,13.411999702453613,13.404000282287598,13.406000137329102,15275
2026-02-03,CBEU5.MI,13.407999992370605,13.407999992370605,13.39799976348877,13.404000282287598,15039
2026-02-04,CBEU5.MI,13.406000137329102,13.418000221252441,13.406000137329102,13.418000221252441,5214
2026-02-05,CBEU5.MI,13.416000366210938,13.420000076293945,13.406000137329102,13.420000076293945,25229
2026-02-06,CBEU5.MI,13.411999702453613,13.420000076293945,13.411999702453613,13.411999702453613,9186
2026-02-09,CBEU5.MI,13.196000099182129,13.206000328063965,13.196000099182129,13.204000473022461,58809
2026-02-10,CBEU5.MI,13.20199966430664,13.210000038146973,13.197999954223633,13.20199966430664,12841
2026-02-11,CBEU5.MI,13.206000328063965,13.206000328063965,13.1899995803833,13.196000099182129,20496
2026-02-12,CBEU5.MI,13.20199966430664,13.211999893188477,13.20199966430664,13.206000328063965,6510
2026-02-13,CBEU5.MI,13.206000328063965,13.215999603271484,13.206000328063965,13.211999893188477,3192
2026-02-16,CBEU5.MI,13.21399974822998,13.222000122070312,13.21399974822998,13.215999603271484,4358
2026-02-17,CBEU5.MI,13.220000267028809,13.220000267028809,13.211999893188477,13.215999603271484,21632
2026-02-18,CBEU5.MI,13.210000038146973,13.222000122070312,13.210000038146973,13.218000411987305,13457
2026-02-19,CBEU5.MI,13.21399974822998,13.215999603271484,13.211999893188477,13.21399974822998,6334
2026-02-20,CBEU5.MI,13.211999893188477,13.222000122070312,13.211999893188477,13.215999603271484,4249
2026-02-23,CBEU5.MI,13.220000267028809,13.229999542236328,13.215999603271484,13.223999977111816,15892
2026-02-24,CBEU5.MI,13.229999542236328,13.229999542236328,13.218000411987305,13.218000411987305,9446
2026-02-25,CBEU5.MI,13.218000411987305,13.227999687194824,13.218000411987305,13.22599983215332,12869
2026-02-26,CBEU5.MI,13.22599983215332,13.229999542236328,13.223999977111816,13.22599983215332,20038
2026-02-27,CBEU5.MI,13.220000267028809,13.232000350952148,13.21399974822998,13.229999542236328,15631
2026-03-02,CBEU5.MI,13.215999603271484,13.215999603271484,13.187999725341797,13.199999809265137,3938
2026-03-03,CBEU5.MI,13.154000282287598,13.15999984741211,13.144000053405762,13.157999992370605,11240
2026-03-04,CBEU5.MI,13.157999992370605,13.192000389099121,13.157999992370605,13.187999725341797,708707
2026-03-05,CBEU5.MI,13.170000076293945,13.178000450134277,13.154000282287598,13.154000282287598,17434
2026-03-09,CBEU5.MI,13.04800033569336,13.107999801635742,13.04800033569336,13.107999801635742,4792
2026-03-10,CBEU5.MI,13.137999534606934,13.152000427246094,13.13599967956543,13.152000427246094,9280
2026-03-11,CBEU5.MI,13.107999801635742,13.11400032043457,13.09000015258789,13.09000015258789,24040
2026-03-12,CBEU5.MI,13.09000015258789,13.095999717712402,13.074000358581543,13.083999633789062,23100
2026-03-13,CBEU5.MI,13.079999923706055,13.083999633789062,13.065999984741211,13.065999984741211,16564
2026-03-16,CBEU5.MI,13.065999984741211,13.09000015258789,13.064000129699707,13.09000015258789,13115
2026-03-17,CBEU5.MI,13.092000007629395,13.100000381469727,13.079999923706055,13.092000007629395,6818
2026-03-18,CBEU5.MI,13.105999946594238,13.107999801635742,13.069999694824219,13.081999778747559,17413
2026-03-19,CBEU5.MI,13.039999961853027,13.043999671936035,13.013999938964844,13.039999961853027,50241
2026-03-20,CBEU5.MI,13.053999900817871,13.053999900817871,12.996000289916992,13.001999855041504,7910
2026-03-23,CBEU5.MI,12.982000350952148,13.031999588012695,12.944000244140625,13.008000373840332,34524
2026-03-24,CBEU5.MI,13.013999938964844,13.013999938964844,13.001999855041504,13.001999855041504,7803
2026-03-25,CBEU5.MI,13.013999938964844,13.029999732971191,13.001999855041504,13.026000022888184,10773
2026-03-26,CBEU5.MI,13.0,13.010000228881836,12.979999542236328,12.994000434875488,17324
2026-03-27,CBEU5.MI,12.968000411987305,12.977999687194824,12.961999893188477,12.972000122070312,14339
2026-03-30,CBEU5.MI,12.972000122070312,12.989999771118164,12.968000411987305,12.98799991607666,3619
2026-03-31,CBEU5.MI,13.005999565124512,13.01200008392334,12.989999771118164,13.003999710083008,10549
2026-04-01,CBEU5.MI,13.050000190734863,13.053999900817871,13.038000106811523,13.045999526977539,26122
2026-04-02,CBEU5.MI,13.022000312805176,13.041999816894531,13.010000228881836,13.041999816894531,14911
2026-04-07,CBEU5.MI,13.038000106811523,13.045999526977539,13.015999794006348,13.017999649047852,26819
2026-04-08,CBEU5.MI,13.128000259399414,13.137999534606934,13.116000175476074,13.116000175476074,17806
2026-04-09,CBEU5.MI,13.092000007629395,13.112000465393066,13.081999778747559,13.081999778747559,30749
2026-04-10,CBEU5.MI,13.092000007629395,13.104000091552734,13.088000297546387,13.093999862670898,3855
2026-04-13,CBEU5.MI,13.071999549865723,13.079999923706055,13.064000129699707,13.074000358581543,10842
2026-04-14,CBEU5.MI,13.09000015258789,13.109999656677246,13.088000297546387,13.109999656677246,15645
2026-04-15,CBEU5.MI,13.116000175476074,13.116000175476074,13.104000091552734,13.109999656677246,20374
2026-04-16,CBEU5.MI,13.119999885559082,13.13599967956543,13.118000030517578,13.121999740600586,24700
2026-04-17,CBEU5.MI,13.119999885559082,13.175999641418457,13.119999885559082,13.175999641418457,7554
2026-04-20,CBEU5.MI,13.144000053405762,13.161999702453613,13.144000053405762,13.149999618530273,7660
2026-04-21,CBEU5.MI,13.152000427246094,13.157999992370605,13.133999824523926,13.133999824523926,16063
2026-04-22,CBEU5.MI,13.128000259399414,13.137999534606934,13.121999740600586,13.12399959564209,15411
2026-04-23,CBEU5.MI,13.104000091552734,13.133999824523926,13.10200023651123,13.116000175476074,19986
2026-04-24,CBEU5.MI,13.097999572753906,13.12399959564209,13.093999862670898,13.11400032043457,15583
2026-04-27,CBEU5.MI,13.104000091552734,13.12600040435791,13.104000091552734,13.104000091552734,9588
2026-04-28,CBEU5.MI,13.088000297546387,13.10200023651123,13.083999633789062,13.093999862670898,12362
2026-04-29,CBEU5.MI,13.086000442504883,13.093999862670898,13.076000213623047,13.07800006866455,6261
2026-04-30,CBEU5.MI,13.076000213623047,13.112000465393066,13.076000213623047,13.104000091552734,14254
2026-05-04,CBEU5.MI,13.086000442504883,13.097999572753906,13.086000442504883,13.088000297546387,4297
2026-05-05,CBEU5.MI,13.09000015258789,13.109999656677246,13.083999633789062,13.107999801635742,9700
2026-05-06,CBEU5.MI,13.107999801635742,13.152000427246094,13.104000091552734,13.142000198364258,9365
2026-05-07,CBEU5.MI,13.142000198364258,13.14799976348877,13.137999534606934,13.142000198364258,10187
2026-05-08,CBEU5.MI,13.118000030517578,13.137999534606934,13.118000030517578,13.137999534606934,9060
2026-05-11,CBEU5.MI,13.152000427246094,13.152000427246094,13.119999885559082,13.12399959564209,11174
2026-05-12,CBEU5.MI,13.107999801635742,13.109999656677246,13.097999572753906,13.104000091552734,18181
2026-05-13,CBEU5.MI,13.107999801635742,13.107999801635742,13.093999862670898,13.093999862670898,9653
2026-05-14,CBEU5.MI,13.12399959564209,13.131999969482422,13.118000030517578,13.130000114440918,28107
2026-05-15,CBEU5.MI,13.118000030517578,13.119999885559082,13.095999717712402,13.095999717712402,24616
2026-05-18,CBEU5.MI,13.093999862670898,13.12399959564209,13.093999862670898,13.107999801635742,22772
2026-05-19,CBEU5.MI,13.12399959564209,13.12399959564209,13.095999717712402,13.095999717712402,9811
2026-05-20,CBEU5.MI,13.105999946594238,13.133999824523926,13.097999572753906,13.133999824523926,29861
2026-05-21,CBEU5.MI,13.157999992370605,13.157999992370605,13.109999656677246,13.12399959564209,28920
2026-05-22,CBEU5.MI,13.137999534606934,13.149999618530273,13.13599967956543,13.142000198364258,7468
2026-05-25,CBEU5.MI,13.180000305175781,13.187999725341797,13.17199993133545,13.184000015258789,10961
2026-05-26,CBEU5.MI,13.07800006866455,13.185999870300293,13.07800006866455,13.157999992370605,46445
2026-05-27,CBEU5.MI,13.175999641418457,13.175999641418457,13.157999992370605,13.166000366210938,8139
2026-05-28,CBEU5.MI,13.156000137329102,13.180000305175781,13.156000137329102,13.168000221252441,7242
2026-05-29,CBEU5.MI,13.173999786376953,13.20199966430664,13.173999786376953,13.20199966430664,6094
2026-06-01,CBEU5.MI,13.182000160217285,13.185999870300293,13.161999702453613,13.161999702453613,7232
2026-06-02,CBEU5.MI,13.173999786376953,13.173999786376953,13.17199993133545,13.17199993133545,347
2026-06-03,CBEU5.MI,13.156000137329102,13.170000076293945,13.156000137329102,13.157999992370605,3266
2026-06-04,CBEU5.MI,13.156000137329102,13.175999641418457,13.156000137329102,13.168000221252441,10061
2026-06-05,CBEU5.MI,13.168000221252441,13.17199993133545,13.152000427246094,13.157999992370605,5018
2026-06-08,CBEU5.MI,13.145999908447266,13.157999992370605,13.142000198364258,13.154000282287598,5835
2026-06-09,CBEU5.MI,13.157999992370605,13.168000221252441,13.152000427246094,13.161999702453613,21424
2026-06-10,CBEU5.MI,13.152000427246094,13.157999992370605,13.144000053405762,13.14799976348877,6692
2026-06-11,CBEU5.MI,13.152000427246094,13.166000366210938,13.145999908447266,13.166000366210938,14571
2026-06-12,CBEU5.MI,13.182000160217285,13.199999809265137,13.180000305175781,13.185999870300293,23132
2026-06-15,CBEU5.MI,13.223999977111816,13.223999977111816,13.206000328063965,13.211999893188477,2776
2026-06-16,CBEU5.MI,13.208000183105469,13.223999977111816,13.208000183105469,13.21399974822998,32359
2026-06-17,CBEU5.MI,13.21399974822998,13.21399974822998,13.199999809265137,13.204000473022461,44266
2026-06-18,CBEU5.MI,13.187999725341797,13.197999954223633,13.185999870300293,13.197999954223633,21202
2026-06-19,CBEU5.MI,13.185999870300293,13.199999809265137,13.178000450134277,13.192000389099121,13601
2026-06-22,CBEU5.MI,13.182000160217285,13.204000473022461,13.182000160217285,13.20199966430664,20587
2026-06-23,CBEU5.MI,13.199999809265137,13.215999603271484,13.199999809265137,13.210000038146973,5668
2026-06-24,CBEU5.MI,13.206000328063965,13.223999977111816,13.206000328063965,13.220000267028809,6207
2026-06-25,CBEU5.MI,13.222000122070312,13.232000350952148,13.215999603271484,13.22599983215332,18432
2026-06-26,CBEU5.MI,13.229999542236328,13.244000434875488,13.229999542236328,13.244000434875488,2042
2026-06-29,CBEU5.MI,13.22599983215332,13.23799991607666,13.22599983215332,13.229999542236328,3400
2026-06-30,CBEU5.MI,13.232000350952148,13.246000289916992,13.229999542236328,13.236000061035156,12615
2026-07-01,CBEU5.MI,13.22599983215332,13.244000434875488,13.222000122070312,13.23799991607666,22875
2026-07-02,CBEU5.MI,13.232000350952148,13.25,13.232000350952148,13.244000434875488,19286
2026-07-03,CBEU5.MI,13.241999626159668,13.241999626159668,13.227999687194824,13.234000205993652,2595
2026-07-06,CBEU5.MI,13.244000434875488,13.248000144958496,13.236000061035156,13.23799991607666,4493
2026-07-07,CBEU5.MI,13.222000122070312,13.234000205993652,13.220000267028809,13.222000122070312,9230
2026-07-08,CBEU5.MI,13.199999809265137,13.208000183105469,13.17199993133545,13.175999641418457,8205
2026-07-09,CBEU5.MI,13.178000450134277,13.204000473022461,13.178000450134277,13.196000099182129,11778
2026-07-10,CBEU5.MI,13.199999809265137,13.211999893188477,13.199999809265137,13.208000183105469,15033
2026-07-13,CBEU5.MI,13.194000244140625,13.206000328063965,13.178000450134277,13.192000389099121,9538
2026-07-14,CBEU5.MI,13.168000221252441,13.196000099182129,13.163999557495117,13.1899995803833,9714
2026-07-15,CBEU5.MI,13.173999786376953,13.184000015258789,13.15999984741211,13.184000015258789,6980
2026-07-16,CBEU5.MI,13.168000221252441,13.180000305175781,13.15999984741211,13.170000076293945,2707
2026-07-17,CBEU5.MI,13.168000221252441,13.170000076293945,13.15999984741211,13.166000366210938,5597
2026-07-20,CBEU5.MI,13.157999992370605,13.220000267028809,13.157999992370605,13.170000076293945,14974
2026-07-21,CBEU5.MI,13.168000221252441,13.17199993133545,13.149999618530273,13.161999702453613,17307
2026-07-22,CBEU5.MI,13.15999984741211,13.15999984741211,13.144000053405762,13.149999618530273,4146
2026-07-23,CBEU5.MI,13.140000343322754,13.149999618530273,13.131999969482422,13.137999534606934,7622
2026-07-24,CBEU5.MI,13.149999618530273,13.157999992370605,13.140000343322754,13.154000282287598,13094
2026-07-27,CBEU5.MI,13.173999786376953,13.180000305175781,13.163999557495117,13.17199993133545,12464
2026-07-28,CBEU5.MI,13.180000305175781,13.184000015258789,13.163999557495117,13.184000015258789,12176
